id,pos0,length0,dir0,pos1,length1,dir1,pos2,length2,dir2,pos3,length3,dir3,pos4,length4,dir4,pos5,length5,dir5,pos6,length6,dir6,pos7,length7,dir7,pos8,length8,dir8,pos9,length9,dir9,pos10,length10,dir10,pos11,length11,dir11,pos12,length12,dir12,pos13,length13,dir13,pos14,length14,dir14,pos15,length15,dir15,pos16,length16,dir16,pos17,length17,dir17,pos18,length18,dir18,pos19,length19,dir19,pos20,length20,dir20,pos21,length21,dir21,pos22,length22,dir22,pos23,length23,dir23,pos24,length24,dir24,pos25,length25,dir25,pos26,length26,dir26,pos27,length27,dir27,pos28,length28,dir28,pos29,length29,dir29,pos30,length30,dir30,pos31,length31,dir31,pos32,length32,dir32,pos33,length33,dir33,pos34,length34,dir34,pos35,length35,dir35,pos36,length36,dir36,pos37,length37,dir37,pos38,length38,dir38,pos39,length39,dir39,pos40,length40,dir40,pos41,length41,dir41,pos42,length42,dir42,pos43,length43,dir43,pos44,length44,dir44,pos45,length45,dir45,pos46,length46,dir46,pos47,length47,dir47,pos48,length48,dir48,pos49,length49,dir49,pos50,length50,dir50,pos51,length51,dir51,pos52,length52,dir52,pos53,length53,dir53,pos54,length54,dir54,pos55,length55,dir55,pos56,length56,dir56,pos57,length57,dir57,pos58,length58,dir58,pos59,length59,dir59,pos60,length60,dir60,pos61,length61,dir61,pos62,length62,dir62,pos63,length63,dir63,pos64,length64,dir64,pos65,length65,dir65,pos66,length66,dir66,pos67,length67,dir67,pos68,length68,dir68,pos69,length69,dir69,pos70,length70,dir70,pos71,length71,dir71,pos72,length72,dir72,pos73,length73,dir73,pos74,length74,dir74,pos75,length75,dir75,pos76,length76,dir76,pos77,length77,dir77,pos78,length78,dir78,pos79,length79,dir79,pos80,length80,dir80,pos81,length81,dir81,pos82,length82,dir82,pos83,length83,dir83,pos84,length84,dir84,pos85,length85,dir85,pos86,length86,dir86,pos87,length87,dir87,pos88,length88,dir88,pos89,length89,dir89,pos90,length90,dir90,pos91,length91,dir91,pos92,length92,dir92,pos93,length93,dir93,pos94,length94,dir94,pos95,length95,dir95,pos96,length96,dir96,pos97,length97,dir97,pos98,length98,dir98,pos99,length99,dir99,pos100,length100,dir100,pos101,length101,dir101,pos102,length102,dir102,pos103,length103,dir103,pos104,length104,dir104,pos105,length105,dir105,pos106,length106,dir106,pos107,length107,dir107,pos108,length108,dir108,pos109,length109,dir109,pos110,length110,dir110,pos111,length111,dir111,pos112,length112,dir112,pos113,length113,dir113,pos114,length114,dir114,pos115,length115,dir115,pos116,length116,dir116,pos117,length117,dir117,pos118,length118,dir118,pos119,length119,dir119,pos120,length120,dir120,pos121,length121,dir121,pos122,length122,dir122,pos123,length123,dir123,pos124,length124,dir124,pos125,length125,dir125,pos126,length126,dir126,pos127,length127,dir127,pos128,length128,dir128,pos129,length129,dir129,pos130,length130,dir130,pos131,length131,dir131,pos132,length132,dir132,pos133,length133,dir133,pos134,length134,dir134,pos135,length135,dir135,pos136,length136,dir136,pos137,length137,dir137,pos138,length138,dir138,pos139,length139,dir139,pos140,length140,dir140,pos141,length141,dir141,pos142,length142,dir142,pos143,length143,dir143,pos144,length144,dir144,pos145,length145,dir145,pos146,length146,dir146,pos147,length147,dir147,pos148,length148,dir148,pos149,length149,dir149,pos150,length150,dir150,pos151,length151,dir151,pos152,length152,dir152,pos153,length153,dir153,pos154,length154,dir154,pos155,length155,dir155,pos156,length156,dir156,pos157,length157,dir157,pos158,length158,dir158,pos159,length159,dir159,pos160,length160,dir160,pos161,length161,dir161,pos162,length162,dir162,pos163,length163,dir163,pos164,length164,dir164,pos165,length165,dir165,pos166,length166,dir166,pos167,length167,dir167,pos168,length168,dir168,pos169,length169,dir169,pos170,length170,dir170,pos171,length171,dir171,pos172,length172,dir172,pos173,length173,dir173,pos174,length174,dir174,pos175,length175,dir175,pos176,length176,dir176,pos177,length177,dir177,pos178,length178,dir178,pos179,length179,dir179,pos180,length180,dir180,pos181,length181,dir181,pos182,length182,dir182,pos183,length183,dir183,pos184,length184,dir184,pos185,length185,dir185,pos186,length186,dir186,pos187,length187,dir187,pos188,length188,dir188,pos189,length189,dir189,pos190,length190,dir190,pos191,length191,dir191,pos192,length192,dir192,pos193,length193,dir193,pos194,length194,dir194,pos195,length195,dir195,pos196,length196,dir196,pos197,length197,dir197,pos198,length198,dir198,pos199,length199,dir199,pos200,length200,dir200
g1,1,999,+,1,999,+,1,999,+,1,999,+,1,999,+,1,999,+,1,999,+,1,999,+,1,999,+,1,999,+,1,999,+,1,999,+,1,999,+,1,999,+,1,999,+,1,999,+,1,999,+,1,999,+,1,999,+,1,999,+,1,999,+,1,999,+,1,999,+,1,999,+,1,999,+,1,999,+,1,999,+,1,999,+,1,999,+,1,999,+,1,999,+,1,999,+,1,999,+,1,999,+,1,999,+,1,999,+,1,999,+,1,999,+,1,999,+,1,999,+,1,999,+,1,999,+,1,999,+,1,999,+,1,999,+,1,999,+,1,999,+,1,999,+,1,999,+,1,999,+,1,999,+,1,999,+,1,999,+,1,999,+,1,999,+,1,999,+,1,999,+,1,999,+,1,999,+,1,999,+,1,999,+,1,999,+,1,999,+,1,999,+,1,999,+,1,999,+,1,999,+,1,999,+,1,999,+,1,999,+,1,999,+,1,999,+,1,999,+,1,999,+,1,999,+,1,999,+,1,999,+,1,999,+,1,999,+,1,999,+,1,999,+,1,999,+,1,999,+,1,999,+,1,999,+,1,999,+,1,999,+,1,999,+,1,999,+,1,999,+,1,999,+,1,999,+,1,999,+,1,999,+,1,999,+,1,999,+,1,999,+,1,999,+,1,999,+,1,999,+,1,999,+,1,999,+,1,999,+,1,999,+,1,999,+,1,999,+,1,999,+,1,999,+,1,999,+,1,999,+,1,999,+,1,999,+,1,999,+,1,999,+,1,999,+,1,999,+,1,999,+,1,999,+,1,999,+,1,999,+,1,999,+,1,999,+,1,999,+,1,999,+,1,999,+,1,999,+,1,999,+,1,999,+,1,999,+,1,999,+,1,999,+,1,999,+,1,999,+,1,999,+,1,999,+,1,999,+,1,999,+,1,999,+,1,999,+,1,999,+,1,999,+,1,999,+,1,999,+,1,999,+,1,999,+,1,999,+,1,999,+,1,999,+,1,999,+,1,999,+,1,999,+,1,999,+,1,999,+,1,999,+,1,999,+,1,999,+,1,999,+,1,999,+,1,999,+,1,999,+,1,999,+,1,999,+,1,999,+,1,999,+,1,999,+,1,999,+,1,999,+,1,999,+,1,999,+,1,999,+,1,999,+,1,999,+,1,999,+,1,999,+,1,999,+,1,999,+,1,999,+,1,999,+,1,999,+,1,999,+,1,999,+,1,999,+,1,999,+,1,999,+,1,999,+,1,999,+,1,999,+,1,999,+,1,999,+,1,999,+,1,999,+,1,999,+,1,999,+,1,999,+,1,999,+,1,999,+,1,999,+,1,999,+,1,999,+,1,999,+,1,999,+
g2,3001,999,+,3001,999,+,3001,999,+,3151,999,+,3151,999,+,3151,999,+,3151,999,+,3151,999,+,3151,999,+,3151,999,+,3151,999,+,3151,999,+,3301,999,+,3301,999,+,3301,999,+,3301,999,+,3301,999,+,3301,999,+,3301,999,+,3301,999,+,3301,999,+,3301,999,+,3301,999,+,3301,999,+,3301,999,+,3301,999,+,3301,999,+,3301,999,+,3301,999,+,3301,999,+,3451,999,+,3451,999,+,3451,999,+,3451,999,+,3451,999,+,3451,999,+,3451,999,+,3451,999,+,3451,999,+,3451,999,+,3451,999,+,3601,999,+,3601,999,+,3601,999,+,3601,999,+,3601,999,+,3601,999,+,3601,999,+,3751,999,+,3751,999,+,3751,999,+,3751,999,+,3751,999,+,3751,999,+,3751,999,+,3751,999,+,3751,999,+,3751,999,+,3751,999,+,3751,999,+,3751,999,+,3751,999,+,3751,999,+,3751,999,+,3751,999,+,3751,999,+,3751,999,+,3901,999,+,3901,999,+,4051,999,+,4051,999,+,4051,999,+,4051,999,+,4051,999,+,4051,999,+,4051,999,+,4051,999,+,4051,999,+,4051,999,+,4051,999,+,4201,999,+,4201,999,+,4201,999,+,4351,999,+,4351,999,+,4351,999,+,4351,999,+,4351,999,+,4501,999,+,4501,999,+,4501,999,+,4501,999,+,4501,999,+,4501,999,+,4501,999,+,4501,999,+,4501,999,+,4501,999,+,4501,999,+,4501,999,+,4501,999,+,4501,999,+,4501,999,+,4501,999,+,4501,999,+,4651,999,+,4651,999,+,4651,999,+,4651,999,+,4651,999,+,4651,999,+,4651,999,+,4651,999,+,4651,999,+,4651,999,+,4651,999,+,4651,999,+,4651,999,+,4651,999,+,4801,999,+,4801,999,+,4801,999,+,4801,999,+,4801,999,+,4801,999,+,4801,999,+,4801,999,+,4801,999,+,4801,999,+,4801,999,+,4801,999,+,4801,999,+,4951,999,+,4951,999,+,4951,999,+,4951,999,+,4951,999,+,4951,999,+,4951,999,+,4951,999,+,4951,999,+,4951,999,+,4951,999,+,4951,999,+,4951,999,+,4951,999,+,4951,999,+,4951,999,+,4951,999,+,4951,999,+,4951,999,+,4951,999,+,4951,999,+,4951,999,+,4951,999,+,4951,999,+,4951,999,+,4951,999,+,4951,999,+,4951,999,+,4951,999,+,4951,999,+,4951,999,+,4951,999,+,4951,999,+,4951,999,+,4951,999,+,4951,999,+,4951,999,+,4951,999,+,4951,999,+,4951,999,+,4951,999,+,4951,999,+,4951,999,+,4951,999,+,4951,999,+,4951,999,+,4951,999,+,4951,999,+,4951,999,+,4951,999,+,4951,999,+,4951,999,+,4951,999,+,4951,999,+,4951,999,+,4951,999,+,4951,999,+,5101,999,+,5101,999,+,5101,999,+,5101,999,+,5101,999,+,5101,999,+,5101,999,+,5101,999,+,5101,999,+,5101,999,+,5101,999,+,5101,999,+
g3,6001,999,+,6001,999,+,6001,999,+,6151,999,+,6151,999,+,6151,999,+,6151,999,+,6151,999,+,6151,999,+,6151,999,+,6151,999,+,6151,999,+,6301,999,+,6301,999,+,6301,999,+,6301,999,+,6301,999,+,6301,999,+,6301,999,+,6451,999,+,6451,999,+,6451,999,+,6451,999,+,6451,999,+,6451,999,+,6451,999,+,6451,999,+,6451,999,+,6451,999,+,6451,999,+,6601,999,+,6601,999,+,6601,999,+,6601,999,+,6601,999,+,6601,999,+,6601,999,+,6751,999,+,6751,999,+,6751,999,+,6751,999,+,6901,999,+,6901,999,+,6901,999,+,6901,999,+,6901,999,+,6901,999,+,6901,999,+,7051,999,+,7051,999,+,7051,999,+,7051,999,+,7051,999,+,7051,999,+,7051,999,+,7051,999,+,7051,999,+,7051,999,+,7051,999,+,7051,999,+,7051,999,+,7051,999,+,7051,999,+,7051,999,+,7051,999,+,7051,999,+,7051,999,+,7201,999,+,7201,999,+,7351,999,+,7351,999,+,7351,999,+,7351,999,+,7351,999,+,7351,999,+,7351,999,+,7351,999,+,7351,999,+,7351,999,+,7501,999,+,7651,999,+,7651,999,+,7651,999,+,7801,999,+,7801,999,+,7801,999,+,7801,999,+,7801,999,+,7951,999,+,7951,999,+,7951,999,+,7951,999,+,7951,999,+,7951,999,+,7951,999,+,7951,999,+,7951,999,+,7951,999,+,7951,999,+,7951,999,+,7951,999,+,7951,999,+,7951,999,+,7951,999,+,7951,999,+,8101,999,+,8101,999,+,8101,999,+,8101,999,+,8101,999,+,8101,999,+,8101,999,+,8101,999,+,8101,999,+,8101,999,+,8101,999,+,8101,999,+,8101,999,+,8101,999,+,8251,999,+,8401,999,+,8401,999,+,8401,999,+,8401,999,+,8401,999,+,8401,999,+,8401,999,+,8401,999,+,8401,999,+,8401,999,+,8401,999,+,8551,999,+,8701,999,+,8701,999,+,8701,999,+,8701,999,+,8701,999,+,8701,999,+,8701,999,+,8701,999,+,8701,999,+,8701,999,+,8701,999,+,8701,999,+,8701,999,+,8701,999,+,8701,999,+,8701,999,+,8701,999,+,8701,999,+,8701,999,+,8701,999,+,8701,999,+,8701,999,+,8701,999,+,8701,999,+,8701,999,+,8701,999,+,8701,999,+,8701,999,+,8701,999,+,8701,999,+,8701,999,+,8701,999,+,8701,999,+,8701,999,+,8701,999,+,8701,999,+,8701,999,+,8701,999,+,8701,999,+,8701,999,+,8701,999,+,8701,999,+,8701,999,+,8701,999,+,8701,999,+,8701,999,+,8701,999,+,8701,999,+,8701,999,+,8701,999,+,8701,999,+,8701,999,+,8851,999,+,8851,999,+,9001,999,+,9001,999,+,9001,999,+,9151,999,+,9151,999,+,9151,999,+,9151,999,+,9151,999,+,9151,999,+,9151,999,+,9301,999,+,9301,999,+,9301,999,+,9301,999,+,9301,999,+
g4,9001,999,+,9001,999,+,9151,999,+,9301,999,+,9301,999,+,9301,999,+,9301,999,+,9301,999,+,9301,999,+,9301,999,+,9301,999,+,9301,999,+,9451,999,+,9451,999,+,9451,999,+,9451,999,+,9451,999,+,9451,999,+,9451,999,+,9601,999,+,9601,999,+,9601,999,+,9601,999,+,9601,999,+,9751,999,+,9751,999,+,9751,999,+,9751,999,+,9751,999,+,9751,999,+,9901,999,+,9901,999,+,9901,999,+,9901,999,+,9901,999,+,9901,999,+,9901,999,+,10051,999,+,10051,999,+,10051,999,+,10051,999,+,10201,999,+,10201,999,+,10201,999,+,10201,999,+,10201,999,+,10201,999,+,10201,999,+,10351,999,+,10351,999,+,10351,999,+,10351,999,+,10351,999,+,10351,999,+,10351,999,+,10351,999,+,10351,999,+,10351,999,+,10351,999,+,10351,999,+,10351,999,+,10351,999,+,10351,999,+,10351,999,+,10351,999,+,10351,999,+,10351,999,+,10501,999,+,10501,999,+,10651,999,+,10651,999,+,10651,999,+,10651,999,+,10651,999,+,10651,999,+,10651,999,+,10651,999,+,10651,999,+,10651,999,+,10801,999,+,10951,999,+,11101,999,+,11101,999,+,11251,999,+,11251,999,+,11251,999,+,11251,999,+,11251,999,+,11401,999,+,11401,999,+,11401,999,+,11551,999,+,11701,999,+,11851,999,+,11851,999,+,11851,999,+,11851,999,+,11851,999,+,11851,999,+,11851,999,+,11851,999,+,11851,999,+,11851,999,+,11851,999,+,11851,999,+,12001,999,+,12001,999,+,12001,999,+,12001,999,+,12001,999,+,12001,999,+,12001,999,+,12001,999,+,12151,999,+,12301,999,+,12301,999,+,12301,999,+,12301,999,+,12301,999,+,12451,999,+,12601,999,+,12601,999,+,12601,999,+,12601,999,+,12601,999,+,12751,999,+,12751,999,+,12751,999,+,12751,999,+,12751,999,+,12751,999,+,12901,999,+,13051,999,+,13051,999,+,13051,999,+,13051,999,+,13051,999,+,13201,999,+,13201,999,+,13351,999,+,13351,999,+,13351,999,+,13351,999,+,13501,999,+,13501,999,+,13501,999,+,13501,999,+,13501,999,+,13501,999,+,13501,999,+,13501,999,+,13501,999,+,13501,999,+,13501,999,+,13501,999,+,13651,999,+,13651,999,+,13651,999,+,13651,999,+,13651,999,+,13651,999,+,13651,999,+,13651,999,+,13651,999,+,13651,999,+,13651,999,+,13651,999,+,13801,999,+,13801,999,+,13951,999,+,13951,999,+,13951,999,+,14101,999,+,14101,999,+,14101,999,+,14101,999,+,14101,999,+,14101,999,+,14101,999,+,14251,999,+,14251,999,+,14251,999,+,14251,999,+,14251,999,+,14401,999,+,14401,999,+,14551,999,+,14551,999,+,14551,999,+,14701,999,+,14701,999,+,14701,999,+,14701,999,+,14701,999,+,14701,999,+,14701,999,+,14851,999,+,14851,999,+,14851,999,+,14851,999,+,14851,999,+
g5,12001,999,+,12001,999,+,12151,999,+,12301,999,+,12301,999,+,12301,999,+,12301,999,+,12451,999,+,12451,999,+,12451,999,+,12451,999,+,12451,999,+,12601,999,+,12601,999,+,12601,999,+,12601,999,+,12601,999,+,12601,999,+,12601,999,+,12751,999,+,12751,999,+,12751,999,+,12751,999,+,12751,999,+,12901,999,+,12901,999,+,12901,999,+,12901,999,+,12901,999,+,12901,999,+,13051,999,+,13051,999,+,13051,999,+,13051,999,+,13051,999,+,13051,999,+,13051,999,+,13201,999,+,13201,999,+,13201,999,+,13201,999,+,13351,999,+,13351,999,+,13351,999,+,13351,999,+,13501,999,+,13501,999,+,13501,999,+,13651,999,+,13651,999,+,13651,999,+,13651,999,+,13651,999,+,13651,999,+,13651,999,+,13651,999,+,13651,999,+,13651,999,+,13651,999,+,13651,999,+,13801,999,+,13801,999,+,13801,999,+,13801,999,+,13801,999,+,13801,999,+,13801,999,+,13951,999,+,13951,999,+,14101,999,+,14101,999,+,14101,999,+,14101,999,+,14101,999,+,14101,999,+,14101,999,+,14101,999,+,14101,999,+,14101,999,+,14251,999,+,14401,999,+,14551,999,+,14551,999,+,14701,999,+,14701,999,+,14701,999,+,14851,999,+,14851,999,+,15001,999,+,15001,999,+,15001,999,+,15151,999,+,15301,999,+,15451,999,+,15451,999,+,15451,999,+,15601,999,+,15601,999,+,15601,999,+,15601,999,+,15601,999,+,15601,999,+,15601,999,+,15601,999,+,15601,999,+,15751,999,+,15751,999,+,15751,999,+,15751,999,+,15751,999,+,15751,999,+,15751,999,+,15751,999,+,15901,999,+,16051,999,+,16051,999,+,16051,999,+,16051,999,+,16051,999,+,16201,999,+,16351,999,+,16351,999,+,16351,999,+,16351,999,+,16501,999,+,16651,999,+,16651,999,+,16651,999,+,16801,999,+,16801,999,+,16801,999,+,16951,999,+,17101,999,+,17101,999,+,17101,999,+,17101,999,+,17101,999,+,17251,999,+,17251,999,+,17401,999,+,17401,999,+,17401,999,+,17551,999,+,17701,999,+,17701,999,+,17701,999,+,17701,999,+,17701,999,+,17701,999,+,17701,999,+,17701,999,+,17701,999,+,17701,999,+,17701,999,+,17701,999,+,17851,999,+,17851,999,+,17851,999,+,17851,999,+,17851,999,+,17851,999,+,17851,999,+,17851,999,+,17851,999,+,17851,999,+,17851,999,+,17851,999,+,18001,999,+,18001,999,+,18151,999,+,18301,999,+,18301,999,+,18451,999,+,18451,999,+,18451,999,+,18451,999,+,18451,999,+,18451,999,+,18451,999,+,18601,999,+,18751,999,+,18751,999,+,18751,999,+,18751,999,+,18901,999,+,19051,999,+,19201,999,+,19201,999,+,19201,999,+,19351,999,+,19501,999,+,19501,999,+,19501,999,+,19501,999,+,19501,999,+,19501,999,+,19651,999,+,19651,999,+,19651,999,+,19651,999,+,19651,999,+
g6,15001,999,+,15151,999,+,15301,999,+,15451,999,+,15451,999,+,15451,999,+,15451,999,+,15601,999,+,15601,999,+,15601,999,+,15601,999,+,15601,999,+,15751,999,+,15751,999,+,15751,999,+,15751,999,+,15751,999,+,15751,999,+,15751,999,+,15901,999,+,15901,999,+,15901,999,+,15901,999,+,15901,999,+,16051,999,+,16051,999,+,16051,999,+,16051,999,+,16051,999,+,16201,999,+,16351,999,+,16351,999,+,16351,999,+,16351,999,+,16351,999,+,16351,999,+,16351,999,+,16501,999,+,16501,999,+,16501,999,+,16501,999,+,16651,999,+,16801,999,+,16951,999,+,16951,999,+,17101,999,+,17251,999,+,17251,999,+,17401,999,+,17401,999,+,17401,999,+,17401,999,+,17401,999,+,17401,999,+,17401,999,+,17401,999,+,17401,999,+,17401,999,+,17401,999,+,17401,999,+,17551,999,+,17551,999,+,17551,999,+,17551,999,+,17551,999,+,17551,999,+,17551,999,+,17701,999,+,17701,999,+,17851,999,+,17851,999,+,17851,999,+,17851,999,+,17851,999,+,17851,999,+,17851,999,+,17851,999,+,17851,999,+,18001,999,+,18151,999,+,18301,999,+,18451,999,+,18451,999,+,18601,999,+,18601,999,+,18601,999,+,18751,999,+,18751,999,+,18901,999,+,18901,999,+,18901,999,+,19051,999,+,19201,999,+,19351,999,+,19351,999,+,19501,999,+,19651,999,+,19801,999,+,19801,999,+,19951,999,+,20101,999,+,20101,999,+,20101,999,+,20101,999,+,20101,999,+,20251,999,+,20251,999,+,20251,999,+,20251,999,+,20251,999,+,20251,999,+,20251,999,+,20401,999,+,20551,999,+,20701,999,+,20851,999,+,20851,999,+,20851,999,+,20851,999,+,21001,999,+,21151,999,+,21151,999,+,21151,999,+,21151,999,+,21301,999,+,21451,999,+,21451,999,+,21451,999,+,21601,999,+,21601,999,+,21751,999,+,21901,999,+,22051,999,+,22051,999,+,22201,999,+,22201,999,+,22201,999,+,22351,999,+,22351,999,+,22501,999,+,22501,999,+,22501,999,+,22651,999,+,22801,999,+,22801,999,+,22801,999,+,22801,999,+,22951,999,+,22951,999,+,22951,999,+,22951,999,+,22951,999,+,22951,999,+,22951,999,+,22951,999,+,23101,999,+,23101,999,+,23101,999,+,23101,999,+,23101,999,+,23101,999,+,23101,999,+,23101,999,+,23101,999,+,23101,999,+,23101,999,+,23101,999,+,23251,999,+,23251,999,+,23401,999,+,23551,999,+,23551,999,+,23701,999,+,23701,999,+,23701,999,+,23701,999,+,23701,999,+,23701,999,+,23701,999,+,23851,999,+,24001,999,+,24151,999,+,24151,999,+,24151,999,+,24301,999,+,24451,999,+,24601,999,+,24601,999,+,24601,999,+,24751,999,+,24901,999,+,24901,999,+,24901,999,+,24901,999,+,24901,999,+,24901,999,+,25051,999,+,25051,999,+,25051,999,+,25051,999,+,25051,999,+
g7,18001,999,+,18151,999,+,18301,999,+,18451,999,+,18451,999,+,18451,999,+,18451,999,+,18601,999,+,18601,999,+,18751,999,+,18751,999,+,18901,999,+,19051,999,+,19051,999,+,19051,999,+,19051,999,+,19051,999,+,19051,999,+,19201,999,+,19351,999,+,19351,999,+,19351,999,+,19351,999,+,19351,999,+,19501,999,+,19501,999,+,19651,999,+,19651,999,+,19651,999,+,19801,999,+,19951,999,+,19951,999,+,20101,999,+,20101,999,+,20101,999,+,20101,999,+,20101,999,+,20251,999,+,20251,999,+,20251,999,+,20251,999,+,20401,999,+,20551,999,+,20701,999,+,20701,999,+,20851,999,+,21001,999,+,21001,999,+,21151,999,+,21151,999,+,21151,999,+,21151,999,+,21151,999,+,21151,999,+,21151,999,+,21151,999,+,21151,999,+,21151,999,+,21151,999,+,21151,999,+,21301,999,+,21301,999,+,21451,999,+,21451,999,+,21451,999,+,21451,999,+,21451,999,+,21601,999,+,21601,999,+,21751,999,+,21751,999,+,21751,999,+,21751,999,+,21751,999,+,21751,999,+,21751,999,+,21751,999,+,21751,999,+,21901,999,+,22051,999,+,22201,999,+,22351,999,+,22351,999,+,22501,999,+,22501,999,+,22651,999,+,22801,999,+,22801,999,+,22951,999,+,22951,999,+,23101,999,+,23251,999,+,23401,999,+,23551,999,+,23701,999,+,23851,999,+,24001,999,+,24151,999,+,24151,999,+,24301,999,+,24451,999,+,24451,999,+,24451,999,+,24451,999,+,24451,999,+,24601,999,+,24601,999,+,24601,999,+,24601,999,+,24601,999,+,24601,999,+,24601,999,+,24751,999,+,24901,999,+,25051,999,+,25201,999,+,25201,999,+,25201,999,+,25201,999,+,25351,999,+,25501,999,+,25501,999,+,25501,999,+,25501,999,+,25651,999,+,25801,999,+,25801,999,+,25951,999,+,26101,999,+,26101,999,+,26251,999,+,26401,999,+,26551,999,+,26551,999,+,26701,999,+,26851,999,+,27001,999,+,27151,999,+,27151,999,+,27301,999,+,27301,999,+,27301,999,+,27451,999,+,27601,999,+,27601,999,+,27601,999,+,27601,999,+,27751,999,+,27751,999,+,27751,999,+,27751,999,+,27751,999,+,27751,999,+,27751,999,+,27751,999,+,27901,999,+,27901,999,+,27901,999,+,27901,999,+,28051,999,+,28051,999,+,28051,999,+,28051,999,+,28051,999,+,28051,999,+,28051,999,+,28051,999,+,28201,999,+,28201,999,+,28351,999,+,28501,999,+,28651,999,+,28801,999,+,28801,999,+,28801,999,+,28951,999,+,28951,999,+,28951,999,+,28951,999,+,29101,999,+,29251,999,+,29401,999,+,29401,999,+,29401,999,+,29551,999,+,29701,999,+,29851,999,+,29851,999,+,29851,999,+,30001,999,+,30151,999,+,30151,999,+,30151,999,+,30151,999,+,30151,999,+,30151,999,+,30301,999,+,30301,999,+,30301,999,+,30301,999,+,30301,999,+
g8,21001,999,+,21151,999,+,21301,999,+,21451,999,+,21451,999,+,21451,999,+,21601,999,+,21751,999,+,21751,999,+,21901,999,+,21901,999,+,22051,999,+,22201,999,+,22351,999,+,22351,999,+,22351,999,+,22351,999,+,22351,999,+,22501,999,+,22651,999,+,22651,999,+,22651,999,+,22651,999,+,22651,999,+,22801,999,+,22801,999,+,22951,999,+,22951,999,+,22951,999,+,23101,999,+,23251,999,+,23251,999,+,23401,999,+,23401,999,+,23401,999,+,23401,999,+,23551,999,+,23701,999,+,23701,999,+,23701,999,+,23701,999,+,23851,999,+,24001,999,+,24151,999,+,24301,999,+,24451,999,+,24601,999,+,24751,999,+,24901,999,+,24901,999,+,24901,999,+,24901,999,+,24901,999,+,24901,999,+,24901,999,+,24901,999,+,24901,999,+,24901,999,+,24901,999,+,25051,999,+,25201,999,+,25201,999,+,25351,999,+,25351,999,+,25501,999,+,25651,999,+,25651,999,+,25801,999,+,25801,999,+,25951,999,+,25951,999,+,25951,999,+,25951,999,+,25951,999,+,25951,999,+,26101,999,+,26101,999,+,26101,999,+,26251,999,+,26401,999,+,26551,999,+,26701,999,+,26701,999,+,26851,999,+,27001,999,+,27151,999,+,27301,999,+,27301,999,+,27451,999,+,27451,999,+,27601,999,+,27751,999,+,27901,999,+,28051,999,+,28201,999,+,28351,999,+,28501,999,+,28651,999,+,28801,999,+,28951,999,+,29101,999,+,29101,999,+,29101,999,+,29101,999,+,29101,999,+,29251,999,+,29251,999,+,29251,999,+,29251,999,+,29401,999,+,29401,999,+,29401,999,+,29551,999,+,29701,999,+,29851,999,+,30001,999,+,30001,999,+,30001,999,+,30151,999,+,30301,999,+,30451,999,+,30451,999,+,30451,999,+,30451,999,+,30601,999,+,30751,999,+,30751,999,+,30901,999,+,31051,999,+,31051,999,+,31201,999,+,31351,999,+,31501,999,+,31501,999,+,31651,999,+,31801,999,+,31951,999,+,32101,999,+,32101,999,+,32251,999,+,32251,999,+,32251,999,+,32401,999,+,32551,999,+,32551,999,+,32551,999,+,32551,999,+,32701,999,+,32701,999,+,32701,999,+,32701,999,+,32701,999,+,32701,999,+,32701,999,+,32701,999,+,32851,999,+,32851,999,+,32851,999,+,32851,999,+,33001,999,+,33001,999,+,33001,999,+,33001,999,+,33001,999,+,33001,999,+,33151,999,+,33151,999,+,33301,999,+,33451,999,+,33601,999,+,33751,999,+,33901,999,+,34051,999,+,34051,999,+,34051,999,+,34201,999,+,34201,999,+,34201,999,+,34201,999,+,34351,999,+,34501,999,+,34651,999,+,34651,999,+,34651,999,+,34801,999,+,34951,999,+,35101,999,+,35101,999,+,35101,999,+,35251,999,+,35401,999,+,35401,999,+,35401,999,+,35401,999,+,35401,999,+,35401,999,+,35551,999,+,35551,999,+,35551,999,+,35551,999,+,35551,999,+
g9,24001,999,+,24151,999,+,24301,999,+,24451,999,+,24451,999,+,24451,999,+,24601,999,+,24751,999,+,24751,999,+,24901,999,+,24901,999,+,25051,999,+,25201,999,+,25351,999,+,25501,999,+,25501,999,+,25501,999,+,25501,999,+,25651,999,+,25801,999,+,25801,999,+,25801,999,+,25801,999,+,25801,999,+,25951,999,+,25951,999,+,26101,999,+,26101,999,+,26101,999,+,26251,999,+,26401,999,+,26401,999,+,26551,999,+,26551,999,+,26551,999,+,26701,999,+,26851,999,+,27001,999,+,27151,999,+,27151,999,+,27151,999,+,27301,999,+,27451,999,+,27601,999,+,27751,999,+,27901,999,+,28051,999,+,28201,999,+,28351,999,+,28351,999,+,28351,999,+,28351,999,+,28351,999,+,28351,999,+,28351,999,+,28351,999,+,28351,999,+,28351,999,+,28351,999,+,28501,999,+,28651,999,+,28651,999,+,28801,999,+,28801,999,+,28951,999,+,29101,999,+,29101,999,+,29251,999,+,29251,999,+,29401,999,+,29401,999,+,29401,999,+,29401,999,+,29401,999,+,29401,999,+,29551,999,+,29701,999,+,29701,999,+,29851,999,+,30001,999,+,30151,999,+,30301,999,+,30301,999,+,30451,999,+,30601,999,+,30751,999,+,30901,999,+,30901,999,+,31051,999,+,31051,999,+,31201,999,+,31351,999,+,31501,999,+,31651,999,+,31801,999,+,31951,999,+,32101,999,+,32251,999,+,32401,999,+,32551,999,+,32701,999,+,32701,999,+,32701,999,+,32701,999,+,32701,999,+,32851,999,+,32851,999,+,32851,999,+,32851,999,+,33001,999,+,33001,999,+,33001,999,+,33151,999,+,33301,999,+,33451,999,+,33601,999,+,33601,999,+,33601,999,+,33751,999,+,33901,999,+,34051,999,+,34051,999,+,34051,999,+,34051,999,+,34201,999,+,34351,999,+,34351,999,+,34501,999,+,34651,999,+,34651,999,+,34801,999,+,34951,999,+,35101,999,+,35101,999,+,35251,999,+,35401,999,+,35551,999,+,35701,999,+,35701,999,+,35851,999,+,35851,999,+,35851,999,+,36001,999,+,36151,999,+,36151,999,+,36151,999,+,36151,999,+,36301,999,+,36301,999,+,36301,999,+,36301,999,+,36301,999,+,36301,999,+,36301,999,+,36301,999,+,36451,999,+,36451,999,+,36451,999,+,36451,999,+,36601,999,+,36601,999,+,36601,999,+,36601,999,+,36601,999,+,36601,999,+,36751,999,+,36751,999,+,36901,999,+,37051,999,+,37201,999,+,37351,999,+,37501,999,+,37651,999,+,37651,999,+,37651,999,+,37801,999,+,37801,999,+,37801,999,+,37801,999,+,37951,999,+,38101,999,+,38251,999,+,38251,999,+,38251,999,+,38401,999,+,38551,999,+,38701,999,+,38701,999,+,38701,999,+,38851,999,+,39001,999,+,39001,999,+,39001,999,+,39001,999,+,39001,999,+,39001,999,+,39151,999,+,39151,999,+,39151,999,+,39151,999,+,39301,999,+
g10,27001,999,+,27151,999,+,27301,999,+,27451,999,+,27451,999,+,27451,999,+,27601,999,+,27751,999,+,27901,999,+,28051,999,+,28051,999,+,28201,999,+,28351,999,+,28501,999,+,28651,999,+,28651,999,+,28651,999,+,28801,999,+,28951,999,+,29101,999,+,29101,999,+,29101,999,+,29101,999,+,29101,999,+,29251,999,+,29251,999,+,29401,999,+,29401,999,+,29551,999,+,29701,999,+,29851,999,+,30001,999,+,30151,999,+,30151,999,+,30151,999,+,30301,999,+,30451,999,+,30601,999,+,30751,999,+,30751,999,+,30751,999,+,30901,999,+,31051,999,+,31201,999,+,31351,999,+,31501,999,+,31651,999,+,31801,999,+,31951,999,+,31951,999,+,31951,999,+,31951,999,+,31951,999,+,31951,999,+,31951,999,+,31951,999,+,31951,999,+,32101,999,+,32251,999,+,32401,999,+,32551,999,+,32551,999,+,32701,999,+,32701,999,+,32851,999,+,33001,999,+,33001,999,+,33151,999,+,33151,999,+,33301,999,+,33301,999,+,33301,999,+,33451,999,+,33451,999,+,33451,999,+,33601,999,+,33751,999,+,33751,999,+,33901,999,+,34051,999,+,34201,999,+,34351,999,+,34351,999,+,34501,999,+,34651,999,+,34801,999,+,34951,999,+,34951,999,+,35101,999,+,35251,999,+,35401,999,+,35551,999,+,35701,999,+,35851,999,+,36001,999,+,36151,999,+,36301,999,+,36451,999,+,36601,999,+,36751,999,+,36901,999,+,36901,999,+,36901,999,+,36901,999,+,36901,999,+,37051,999,+,37201,999,+,37351,999,+,37351,999,+,37501,999,+,37501,999,+,37501,999,+,37651,999,+,37801,999,+,37951,999,+,38101,999,+,38251,999,+,38251,999,+,38401,999,+,38551,999,+,38701,999,+,38851,999,+,38851,999,+,38851,999,+,39001,999,+,39151,999,+,39151,999,+,39301,999,+,39451,999,+,39451,999,+,39601,999,+,39751,999,+,39901,999,+,40051,999,+,40201,999,+,40351,999,+,40501,999,+,40651,999,+,40651,999,+,40801,999,+,40951,999,+,40951,999,+,41101,999,+,41251,999,+,41251,999,+,41251,999,+,41401,999,+,41551,999,+,41551,999,+,41551,999,+,41551,999,+,41551,999,+,41551,999,+,41551,999,+,41551,999,+,41701,999,+,41701,999,+,41701,999,+,41701,999,+,41851,999,+,41851,999,+,41851,999,+,42001,999,+,42001,999,+,42001,999,+,42151,999,+,42151,999,+,42301,999,+,42451,999,+,42601,999,+,42751,999,+,42901,999,+,43051,999,+,43051,999,+,43051,999,+,43201,999,+,43201,999,+,43201,999,+,43201,999,+,43351,999,+,43501,999,+,43651,999,+,43651,999,+,43651,999,+,43801,999,+,43951,999,+,44101,999,+,44101,999,+,44251,999,+,44401,999,+,44551,999,+,44551,999,+,44701,999,+,44851,999,+,44851,999,+,44851,999,+,45001,999,+,45151,999,+,45151,999,+,45151,999,+,45301,999,+
e1,1001,999,+,1001,999,+,1001,999,+,1001,999,+,1001,999,+,1001,999,+,1001,999,+,1001,999,+,1001,999,+,1001,999,+,1001,999,+,1001,999,+,1001,999,+,1001,999,+,1001,999,+,1001,999,+,1001,999,+,1001,999,+,1001,999,+,1001,999,+,1001,999,+,1001,999,+,1001,999,+,1001,999,+,1001,999,+,1001,999,+,1001,999,+,1001,999,+,1001,999,+,1001,999,+,1001,1149,+,1001,1149,+,1001,1149,+,1001,1149,+,1001,1149,+,1001,1149,+,1001,1149,+,1001,1149,+,1001,1149,+,1001,1149,+,1001,1149,+,1001,1149,+,1001,1149,+,1001,1149,+,1001,1149,+,1001,1149,+,1001,1149,+,1001,1149,+,1001,1149,+,1001,1149,+,1001,1149,+,1001,1149,+,1001,1149,+,1001,1149,+,1001,1149,+,1001,1149,+,1001,1149,+,1001,1149,+,1001,1149,+,1001,1149,+,1001,1149,+,1001,1149,+,1001,1149,+,1001,1149,+,1001,1149,+,1001,1149,+,1001,1149,+,1001,1299,+,1001,1299,+,1001,1299,+,1001,1299,+,1001,1299,+,1001,1299,+,1001,1299,+,1001,1299,+,1001,1299,+,1001,1299,+,1001,1299,+,1001,1299,+,1001,1299,+,1001,1299,+,1001,1299,+,1001,1299,+,1001,1449,+,1001,1449,+,1001,1449,+,1001,1449,+,1001,1449,+,1001,1599,+,1001,1599,+,1001,1599,+,1001,1599,+,1001,1599,+,1001,1599,+,1001,1599,+,1001,1599,+,1001,1599,+,1001,1599,+,1001,1599,+,1001,1599,+,1001,1599,+,1001,1599,+,1001,1599,+,1001,1599,+,1001,1599,+,1001,1749,+,1001,1749,+,1001,1749,+,1001,1749,+,1001,1749,+,1001,1749,+,1001,1749,+,1001,1749,+,1001,1749,+,1001,1749,+,1001,1749,+,1001,1749,+,1001,1749,+,1001,1749,+,1001,1749,+,1001,1749,+,1001,1749,+,1001,1749,+,1001,1749,+,1001,1749,+,1001,1749,+,1001,1749,+,1001,1749,+,1001,1749,+,1001,1749,+,1001,1749,+,1001,1749,+,1001,1749,+,1001,1749,+,1001,1749,+,1001,1749,+,1001,1749,+,1001,1749,+,1001,1749,+,1001,1749,+,1001,1749,+,1001,1749,+,1001,1749,+,1001,1749,+,1001,1749,+,1001,1749,+,1001,1749,+,1001,1749,+,1001,1749,+,1001,1749,+,1001,1749,+,1001,1749,+,1001,1749,+,1001,1749,+,1001,1749,+,1001,1749,+,1001,1749,+,1001,1749,+,1001,1749,+,1001,1749,+,1001,1749,+,1001,1749,+,1001,1749,+,1001,1749,+,1001,1749,+,1001,1749,+,1001,1749,+,1001,1749,+,1001,1749,+,1001,1749,+,1001,1749,+,1001,1749,+,1001,1749,+,1001,1749,+,1001,1749,+,1001,1749,+,1001,1749,+,1001,1749,+,1001,1749,+,1001,1749,+,1001,1749,+,1001,1749,+,1001,1749,+,1001,1749,+,1001,1749,+,1001,1749,+,1001,1749,+,1001,1749,+,1001,1749,+,1001,1749,+,1001,1749,+,1001,1749,+,1001,1749,+,1001,1749,+,1001,1749,+,1001,1749,+,1001,1749,+,1001,1749,+,1001,1749,+,1001,1749,+,1001,1749,+
e2,2002,998,+,2002,998,+,2002,998,+,2002,1148,+,2002,1148,+,2002,1148,+,2002,1148,+,2002,1148,+,2002,1148,+,2002,1148,+,2002,1148,+,2002,1148,+,2002,1298,+,2002,1298,+,2002,1298,+,2002,1298,+,2002,1298,+,2002,1298,+,2002,1298,+,2002,1298,+,2002,1298,+,2002,1298,+,2002,1298,+,2002,1298,+,2002,1298,+,2002,1298,+,2002,1298,+,2002,1298,+,2002,1298,+,2002,1298,+,2152,1298,+,2152,1298,+,2152,1298,+,2152,1298,+,2152,1298,+,2152,1298,+,2152,1298,+,2152,1298,+,2152,1298,+,2152,1298,+,2152,1298,+,2152,1448,+,2152,1448,+,2152,1448,+,2152,1448,+,2152,1448,+,2152,1448,+,2152,1448,+,2152,1598,+,2152,1598,+,2152,1598,+,2152,1598,+,2152,1598,+,2152,1598,+,2152,1598,+,2152,1598,+,2152,1598,+,2152,1598,+,2152,1598,+,2152,1598,+,2152,1598,+,2152,1598,+,2152,1598,+,2152,1598,+,2152,1598,+,2152,1598,+,2152,1598,+,2302,1598,+,2302,1598,+,2302,1748,+,2302,1748,+,2302,1748,+,2302,1748,+,2302,1748,+,2302,1748,+,2302,1748,+,2302,1748,+,2302,1748,+,2302,1748,+,2302,1748,+,2302,1898,+,2302,1898,+,2302,1898,+,2452,1898,+,2452,1898,+,2452,1898,+,2452,1898,+,2452,1898,+,2602,1898,+,2602,1898,+,2602,1898,+,2602,1898,+,2602,1898,+,2602,1898,+,2602,1898,+,2602,1898,+,2602,1898,+,2602,1898,+,2602,1898,+,2602,1898,+,2602,1898,+,2602,1898,+,2602,1898,+,2602,1898,+,2602,1898,+,2752,1898,+,2752,1898,+,2752,1898,+,2752,1898,+,2752,1898,+,2752,1898,+,2752,1898,+,2752,1898,+,2752,1898,+,2752,1898,+,2752,1898,+,2752,1898,+,2752,1898,+,2752,1898,+,2752,2048,+,2752,2048,+,2752,2048,+,2752,2048,+,2752,2048,+,2752,2048,+,2752,2048,+,2752,2048,+,2752,2048,+,2752,2048,+,2752,2048,+,2752,2048,+,2752,2048,+,2752,2198,+,2752,2198,+,2752,2198,+,2752,2198,+,2752,2198,+,2752,2198,+,2752,2198,+,2752,2198,+,2752,2198,+,2752,2198,+,2752,2198,+,2752,2198,+,2752,2198,+,2752,2198,+,2752,2198,+,2752,2198,+,2752,2198,+,2752,2198,+,2752,2198,+,2752,2198,+,2752,2198,+,2752,2198,+,2752,2198,+,2752,2198,+,2752,2198,+,2752,2198,+,2752,2198,+,2752,2198,+,2752,2198,+,2752,2198,+,2752,2198,+,2752,2198,+,2752,2198,+,2752,2198,+,2752,2198,+,2752,2198,+,2752,2198,+,2752,2198,+,2752,2198,+,2752,2198,+,2752,2198,+,2752,2198,+,2752,2198,+,2752,2198,+,2752,2198,+,2752,2198,+,2752,2198,+,2752,2198,+,2752,2198,+,2752,2198,+,2752,2198,+,2752,2198,+,2752,2198,+,2752,2198,+,2752,2198,+,2752,2198,+,2752,2198,+,2752,2348,+,2752,2348,+,2752,2348,+,2752,2348,+,2752,2348,+,2752,2348,+,2752,2348,+,2752,2348,+,2752,2348,+,2752,2348,+,2752,2348,+,2752,2348,+
e3,4001,999,+,4001,999,+,4001,999,+,4151,999,+,4151,999,+,4151,999,+,4151,999,+,4151,999,+,4151,999,+,4151,999,+,4151,999,+,4151,999,+,4301,999,+,4301,999,+,4301,999,+,4301,999,+,4301,999,+,4301,999,+,4301,999,+,4301,999,+,4301,999,+,4301,999,+,4301,999,+,4301,999,+,4301,999,+,4301,999,+,4301,999,+,4301,999,+,4301,999,+,4301,999,+,4451,999,+,4451,999,+,4451,999,+,4451,999,+,4451,999,+,4451,999,+,4451,999,+,4451,1149,+,4451,1149,+,4451,1149,+,4451,1149,+,4601,1149,+,4601,1149,+,4601,1149,+,4601,1149,+,4601,1149,+,4601,1149,+,4601,1149,+,4751,1149,+,4751,1149,+,4751,1149,+,4751,1149,+,4751,1149,+,4751,1149,+,4751,1149,+,4751,1149,+,4751,1149,+,4751,1149,+,4751,1149,+,4751,1149,+,4751,1149,+,4751,1149,+,4751,1149,+,4751,1149,+,4751,1149,+,4751,1149,+,4751,1149,+,4901,1149,+,4901,1149,+,5051,1149,+,5051,1149,+,5051,1149,+,5051,1149,+,5051,1149,+,5051,1149,+,5051,1149,+,5051,1149,+,5051,1149,+,5051,1149,+,5051,1149,+,5201,1149,+,5201,1149,+,5201,1149,+,5351,1149,+,5351,1149,+,5351,1149,+,5351,1149,+,5351,1149,+,5501,1149,+,5501,1149,+,5501,1149,+,5501,1149,+,5501,1149,+,5501,1149,+,5501,1149,+,5501,1149,+,5501,1149,+,5501,1149,+,5501,1149,+,5501,1149,+,5501,1149,+,5501,1149,+,5501,1149,+,5501,1149,+,5501,1149,+,5651,1149,+,5651,1149,+,5651,1149,+,5651,1149,+,5651,1149,+,5651,1149,+,5651,1149,+,5651,1149,+,5651,1149,+,5651,1149,+,5651,1149,+,5651,1149,+,5651,1149,+,5651,1149,+,5801,1149,+,5801,1149,+,5801,1149,+,5801,1149,+,5801,1149,+,5801,1149,+,5801,1149,+,5801,1149,+,5801,1149,+,5801,1149,+,5801,1149,+,5801,1149,+,5801,1299,+,5951,1299,+,5951,1299,+,5951,1299,+,5951,1299,+,5951,1299,+,5951,1299,+,5951,1299,+,5951,1299,+,5951,1299,+,5951,1299,+,5951,1299,+,5951,1299,+,5951,1299,+,5951,1299,+,5951,1299,+,5951,1299,+,5951,1299,+,5951,1299,+,5951,1299,+,5951,1299,+,5951,1299,+,5951,1299,+,5951,1299,+,5951,1299,+,5951,1299,+,5951,1299,+,5951,1299,+,5951,1299,+,5951,1299,+,5951,1299,+,5951,1299,+,5951,1299,+,5951,1299,+,5951,1299,+,5951,1299,+,5951,1299,+,5951,1299,+,5951,1299,+,5951,1299,+,5951,1299,+,5951,1299,+,5951,1299,+,5951,1299,+,5951,1299,+,5951,1299,+,5951,1299,+,5951,1299,+,5951,1299,+,5951,1299,+,5951,1299,+,5951,1299,+,5951,1299,+,5951,1299,+,5951,1299,+,5951,1449,+,5951,1449,+,5951,1449,+,6101,1449,+,6101,1449,+,6101,1449,+,6101,1449,+,6101,1449,+,6101,1449,+,6101,1449,+,6101,1599,+,6101,1599,+,6101,1599,+,6101,1599,+,6101,1599,+
e4,5002,998,+,5002,998,+,5002,998,+,5152,998,+,5152,998,+,5152,998,+,5152,998,+,5152,998,+,5152,998,+,5152,998,+,5152,998,+,5152,998,+,5302,998,+,5302,998,+,5302,998,+,5302,998,+,5302,998,+,5302,998,+,5302,998,+,5302,1148,+,5302,1148,+,5302,1148,+,5302,1148,+,5302,1148,+,5302,1148,+,5302,1148,+,5302,1148,+,5302,1148,+,5302,1148,+,5302,1148,+,5452,1148,+,5452,1148,+,5452,1148,+,5452,1148,+,5452,1148,+,5452,1148,+,5452,1148,+,5602,1148,+,5602,1148,+,5602,1148,+,5602,1148,+,5752,1148,+,5752,1148,+,5752,1148,+,5752,1148,+,5752,1148,+,5752,1148,+,5752,1148,+,5902,1148,+,5902,1148,+,5902,1148,+,5902,1148,+,5902,1148,+,5902,1148,+,5902,1148,+,5902,1148,+,5902,1148,+,5902,1148,+,5902,1148,+,5902,1148,+,5902,1148,+,5902,1148,+,5902,1148,+,5902,1148,+,5902,1148,+,5902,1148,+,5902,1148,+,6052,1148,+,6052,1148,+,6202,1148,+,6202,1148,+,6202,1148,+,6202,1148,+,6202,1148,+,6202,1148,+,6202,1148,+,6202,1148,+,6202,1148,+,6202,1148,+,6202,1298,+,6352,1298,+,6352,1298,+,6352,1298,+,6502,1298,+,6502,1298,+,6502,1298,+,6502,1298,+,6502,1298,+,6652,1298,+,6652,1298,+,6652,1298,+,6652,1298,+,6652,1298,+,6652,1298,+,6652,1298,+,6652,1298,+,6652,1298,+,6652,1298,+,6652,1298,+,6652,1298,+,6652,1298,+,6652,1298,+,6652,1298,+,6652,1298,+,6652,1298,+,6802,1298,+,6802,1298,+,6802,1298,+,6802,1298,+,6802,1298,+,6802,1298,+,6802,1298,+,6802,1298,+,6802,1298,+,6802,1298,+,6802,1298,+,6802,1298,+,6802,1298,+,6802,1298,+,6952,1298,+,6952,1448,+,6952,1448,+,6952,1448,+,6952,1448,+,6952,1448,+,6952,1448,+,6952,1448,+,6952,1448,+,6952,1448,+,6952,1448,+,6952,1448,+,7102,1448,+,7252,1448,+,7252,1448,+,7252,1448,+,7252,1448,+,7252,1448,+,7252,1448,+,7252,1448,+,7252,1448,+,7252,1448,+,7252,1448,+,7252,1448,+,7252,1448,+,7252,1448,+,7252,1448,+,7252,1448,+,7252,1448,+,7252,1448,+,7252,1448,+,7252,1448,+,7252,1448,+,7252,1448,+,7252,1448,+,7252,1448,+,7252,1448,+,7252,1448,+,7252,1448,+,7252,1448,+,7252,1448,+,7252,1448,+,7252,1448,+,7252,1448,+,7252,1448,+,7252,1448,+,7252,1448,+,7252,1448,+,7252,1448,+,7252,1448,+,7252,1448,+,7252,1448,+,7252,1448,+,7252,1448,+,7252,1448,+,7252,1448,+,7252,1448,+,7252,1448,+,7252,1448,+,7252,1448,+,7252,1448,+,7252,1448,+,7252,1448,+,7252,1448,+,7252,1448,+,7252,1598,+,7252,1598,+,7402,1598,+,7402,1598,+,7402,1598,+,7552,1598,+,7552,1598,+,7552,1598,+,7552,1598,+,7552,1598,+,7552,1598,+,7552,1598,+,7702,1598,+,7702,1598,+,7702,1598,+,7702,1598,+,7702,1598,+
e5,7001,999,+,7001,999,+,7001,1149,+,7151,1149,+,7151,1149,+,7151,1149,+,7151,1149,+,7151,1149,+,7151,1149,+,7151,1149,+,7151,1149,+,7151,1149,+,7301,1149,+,7301,1149,+,7301,1149,+,7301,1149,+,7301,1149,+,7301,1149,+,7301,1149,+,7451,1149,+,7451,1149,+,7451,1149,+,7451,1149,+,7451,1149,+,7451,1149,+,7451,1149,+,7451,1149,+,7451,1149,+,7451,1149,+,7451,1149,+,7601,1149,+,7601,1149,+,7601,1149,+,7601,1149,+,7601,1149,+,7601,1149,+,7601,1149,+,7751,1149,+,7751,1149,+,7751,1149,+,7751,1149,+,7901,1149,+,7901,1149,+,7901,1149,+,7901,1149,+,7901,1149,+,7901,1149,+,7901,1149,+,8051,1149,+,8051,1149,+,8051,1149,+,8051,1149,+,8051,1149,+,8051,1149,+,8051,1149,+,8051,1149,+,8051,1149,+,8051,1149,+,8051,1149,+,8051,1149,+,8051,1149,+,8051,1149,+,8051,1149,+,8051,1149,+,8051,1149,+,8051,1149,+,8051,1149,+,8201,1149,+,8201,1149,+,8351,1149,+,8351,1149,+,8351,1149,+,8351,1149,+,8351,1149,+,8351,1149,+,8351,1149,+,8351,1149,+,8351,1149,+,8351,1149,+,8501,1149,+,8651,1149,+,8651,1299,+,8651,1299,+,8801,1299,+,8801,1299,+,8801,1299,+,8801,1299,+,8801,1299,+,8951,1299,+,8951,1299,+,8951,1299,+,8951,1449,+,8951,1449,+,8951,1449,+,8951,1449,+,8951,1449,+,8951,1449,+,8951,1449,+,8951,1449,+,8951,1449,+,8951,1449,+,8951,1449,+,8951,1449,+,8951,1449,+,8951,1449,+,9101,1449,+,9101,1449,+,9101,1449,+,9101,1449,+,9101,1449,+,9101,1449,+,9101,1449,+,9101,1449,+,9101,1599,+,9101,1749,+,9101,1749,+,9101,1749,+,9101,1749,+,9101,1749,+,9251,1749,+,9401,1749,+,9401,1749,+,9401,1749,+,9401,1749,+,9401,1749,+,9401,1749,+,9401,1749,+,9401,1749,+,9401,1749,+,9401,1749,+,9401,1749,+,9551,1749,+,9701,1749,+,9701,1749,+,9701,1749,+,9701,1749,+,9701,1749,+,9701,1749,+,9701,1749,+,9701,1899,+,9701,1899,+,9701,1899,+,9701,1899,+,9701,1899,+,9701,1899,+,9701,1899,+,9701,1899,+,9701,1899,+,9701,1899,+,9701,1899,+,9701,1899,+,9701,1899,+,9701,1899,+,9701,1899,+,9701,1899,+,9701,2049,+,9701,2049,+,9701,2049,+,9701,2049,+,9701,2049,+,9701,2049,+,9701,2049,+,9701,2049,+,9701,2049,+,9701,2049,+,9701,2049,+,9701,2049,+,9701,2199,+,9701,2199,+,9701,2199,+,9701,2199,+,9701,2199,+,9701,2199,+,9701,2199,+,9701,2199,+,9701,2199,+,9701,2199,+,9701,2199,+,9701,2199,+,9701,2199,+,9701,2199,+,9701,2199,+,9701,2199,+,9701,2199,+,9851,2199,+,9851,2199,+,10001,2199,+,10001,2199,+,10001,2199,+,10151,2199,+,10151,2199,+,10151,2199,+,10151,2199,+,10151,2199,+,10151,2199,+,10151,2199,+,10301,2199,+,10301,2199,+,10301,2199,+,10301,2199,+,10301,2199,+
e6,8002,998,+,8002,998,+,8152,998,+,8302,998,+,8302,998,+,8302,998,+,8302,998,+,8302,998,+,8302,998,+,8302,998,+,8302,998,+,8302,998,+,8452,998,+,8452,998,+,8452,998,+,8452,998,+,8452,998,+,8452,998,+,8452,998,+,8602,998,+,8602,998,+,8602,998,+,8602,998,+,8602,998,+,8602,1148,+,8602,1148,+,8602,1148,+,8602,1148,+,8602,1148,+,8602,1148,+,8752,1148,+,8752,1148,+,8752,1148,+,8752,1148,+,8752,1148,+,8752,1148,+,8752,1148,+,8902,1148,+,8902,1148,+,8902,1148,+,8902,1148,+,9052,1148,+,9052,1148,+,9052,1148,+,9052,1148,+,9052,1148,+,9052,1148,+,9052,1148,+,9202,1148,+,9202,1148,+,9202,1148,+,9202,1148,+,9202,1148,+,9202,1148,+,9202,1148,+,9202,1148,+,9202,1148,+,9202,1148,+,9202,1148,+,9202,1148,+,9202,1148,+,9202,1148,+,9202,1148,+,9202,1148,+,9202,1148,+,9202,1148,+,9202,1148,+,9352,1148,+,9352,1148,+,9502,1148,+,9502,1148,+,9502,1148,+,9502,1148,+,9502,1148,+,9502,1148,+,9502,1148,+,9502,1148,+,9502,1148,+,9502,1148,+,9652,1148,+,9802,1148,+,9952,1148,+,9952,1148,+,10102,1148,+,10102,1148,+,10102,1148,+,10102,1148,+,10102,1148,+,10252,1148,+,10252,1148,+,10252,1148,+,10402,1148,+,10402,1298,+,10402,1448,+,10402,1448,+,10402,1448,+,10402,1448,+,10402,1448,+,10402,1448,+,10402,1448,+,10402,1448,+,10402,1448,+,10402,1448,+,10402,1448,+,10402,1448,+,10552,1448,+,10552,1448,+,10552,1448,+,10552,1448,+,10552,1448,+,10552,1448,+,10552,1448,+,10552,1448,+,10702,1448,+,10852,1448,+,10852,1448,+,10852,1448,+,10852,1448,+,10852,1448,+,11002,1448,+,11152,1448,+,11152,1448,+,11152,1448,+,11152,1448,+,11152,1448,+,11152,1598,+,11152,1598,+,11152,1598,+,11152,1598,+,11152,1598,+,11152,1598,+,11302,1598,+,11452,1598,+,11452,1598,+,11452,1598,+,11452,1598,+,11452,1598,+,11452,1748,+,11452,1748,+,11602,1748,+,11602,1748,+,11602,1748,+,11602,1748,+,11602,1898,+,11602,1898,+,11602,1898,+,11602,1898,+,11602,1898,+,11602,1898,+,11602,1898,+,11602,1898,+,11602,1898,+,11602,1898,+,11602,1898,+,11602,1898,+,11752,1898,+,11752,1898,+,11752,1898,+,11752,1898,+,11752,1898,+,11752,1898,+,11752,1898,+,11752,1898,+,11752,1898,+,11752,1898,+,11752,1898,+,11752,1898,+,11902,1898,+,11902,1898,+,11902,2048,+,11902,2048,+,11902,2048,+,11902,2198,+,11902,2198,+,11902,2198,+,11902,2198,+,11902,2198,+,11902,2198,+,11902,2198,+,11902,2348,+,11902,2348,+,11902,2348,+,11902,2348,+,11902,2348,+,12052,2348,+,12052,2348,+,12202,2348,+,12202,2348,+,12202,2348,+,12352,2348,+,12352,2348,+,12352,2348,+,12352,2348,+,12352,2348,+,12352,2348,+,12352,2348,+,12502,2348,+,12502,2348,+,12502,2348,+,12502,2348,+,12502,2348,+
e7,10001,999,+,10001,999,+,10151,999,+,10301,999,+,10301,999,+,10301,999,+,10301,999,+,10301,1149,+,10301,1149,+,10301,1149,+,10301,1149,+,10301,1149,+,10451,1149,+,10451,1149,+,10451,1149,+,10451,1149,+,10451,1149,+,10451,1149,+,10451,1149,+,10601,1149,+,10601,1149,+,10601,1149,+,10601,1149,+,10601,1149,+,10751,1149,+,10751,1149,+,10751,1149,+,10751,1149,+,10751,1149,+,10751,1149,+,10901,1149,+,10901,1149,+,10901,1149,+,10901,1149,+,10901,1149,+,10901,1149,+,10901,1149,+,11051,1149,+,11051,1149,+,11051,1149,+,11051,1149,+,11201,1149,+,11201,1149,+,11201,1149,+,11201,1149,+,11201,1149,+,11201,1149,+,11201,1149,+,11351,1149,+,11351,1149,+,11351,1149,+,11351,1149,+,11351,1149,+,11351,1149,+,11351,1149,+,11351,1149,+,11351,1149,+,11351,1149,+,11351,1149,+,11351,1149,+,11351,1149,+,11351,1149,+,11351,1149,+,11351,1149,+,11351,1149,+,11351,1149,+,11351,1149,+,11501,1149,+,11501,1149,+,11651,1149,+,11651,1149,+,11651,1149,+,11651,1149,+,11651,1149,+,11651,1149,+,11651,1149,+,11651,1149,+,11651,1149,+,11651,1149,+,11801,1149,+,11951,1149,+,12101,1149,+,12101,1149,+,12251,1149,+,12251,1149,+,12251,1149,+,12251,1149,+,12251,1149,+,12401,1149,+,12401,1149,+,12401,1149,+,12551,1149,+,12701,1149,+,12851,1149,+,12851,1149,+,12851,1149,+,12851,1149,+,12851,1149,+,12851,1149,+,12851,1149,+,12851,1149,+,12851,1149,+,12851,1149,+,12851,1149,+,12851,1149,+,13001,1149,+,13001,1149,+,13001,1149,+,13001,1149,+,13001,1149,+,13001,1149,+,13001,1149,+,13001,1149,+,13151,1149,+,13301,1149,+,13301,1149,+,13301,1149,+,13301,1149,+,13301,1149,+,13451,1149,+,13601,1149,+,13601,1149,+,13601,1149,+,13601,1149,+,13601,1149,+,13751,1149,+,13751,1149,+,13751,1149,+,13751,1149,+,13751,1149,+,13751,1149,+,13901,1149,+,14051,1149,+,14051,1149,+,14051,1149,+,14051,1149,+,14051,1149,+,14201,1149,+,14201,1149,+,14351,1149,+,14351,1149,+,14351,1149,+,14351,1299,+,14501,1299,+,14501,1299,+,14501,1299,+,14501,1299,+,14501,1299,+,14501,1299,+,14501,1299,+,14501,1299,+,14501,1299,+,14501,1299,+,14501,1299,+,14501,1299,+,14651,1299,+,14651,1299,+,14651,1299,+,14651,1299,+,14651,1299,+,14651,1299,+,14651,1299,+,14651,1299,+,14651,1299,+,14651,1299,+,14651,1299,+,14651,1299,+,14801,1299,+,14801,1299,+,14951,1299,+,14951,1299,+,14951,1299,+,15101,1299,+,15101,1299,+,15101,1299,+,15101,1299,+,15101,1299,+,15101,1299,+,15101,1299,+,15251,1299,+,15251,1449,+,15251,1449,+,15251,1449,+,15251,1449,+,15401,1449,+,15401,1449,+,15551,1449,+,15551,1449,+,15551,1449,+,15701,1449,+,15701,1599,+,15701,1599,+,15701,1599,+,15701,1599,+,15701,1599,+,15701,1599,+,15851,1599,+,15851,1599,+,15851,1599,+,15851,1599,+,15851,1599,+
e8,11002,998,+,11002,998,+,11152,998,+,11302,998,+,11302,998,+,11302,998,+,11302,998,+,11452,998,+,11452,998,+,11452,998,+,11452,998,+,11452,998,+,11602,998,+,11602,998,+,11602,998,+,11602,998,+,11602,998,+,11602,998,+,11602,998,+,11752,998,+,11752,998,+,11752,998,+,11752,998,+,11752,998,+,11902,998,+,11902,998,+,11902,998,+,11902,998,+,11902,998,+,11902,998,+,12052,998,+,12052,998,+,12052,998,+,12052,998,+,12052,998,+,12052,998,+,12052,998,+,12202,998,+,12202,998,+,12202,998,+,12202,998,+,12352,998,+,12352,998,+,12352,998,+,12352,998,+,12352,1148,+,12352,1148,+,12352,1148,+,12502,1148,+,12502,1148,+,12502,1148,+,12502,1148,+,12502,1148,+,12502,1148,+,12502,1148,+,12502,1148,+,12502,1148,+,12502,1148,+,12502,1148,+,12502,1148,+,12502,1298,+,12502,1298,+,12502,1298,+,12502,1298,+,12502,1298,+,12502,1298,+,12502,1298,+,12652,1298,+,12652,1298,+,12802,1298,+,12802,1298,+,12802,1298,+,12802,1298,+,12802,1298,+,12802,1298,+,12802,1298,+,12802,1298,+,12802,1298,+,12802,1298,+,12952,1298,+,13102,1298,+,13252,1298,+,13252,1298,+,13402,1298,+,13402,1298,+,13402,1298,+,13402,1448,+,13402,1448,+,13552,1448,+,13552,1448,+,13552,1448,+,13702,1448,+,13852,1448,+,14002,1448,+,14002,1448,+,14002,1448,+,14002,1598,+,14002,1598,+,14002,1598,+,14002,1598,+,14002,1598,+,14002,1598,+,14002,1598,+,14002,1598,+,14002,1598,+,14152,1598,+,14152,1598,+,14152,1598,+,14152,1598,+,14152,1598,+,14152,1598,+,14152,1598,+,14152,1598,+,14302,1598,+,14452,1598,+,14452,1598,+,14452,1598,+,14452,1598,+,14452,1598,+,14602,1598,+,14752,1598,+,14752,1598,+,14752,1598,+,14752,1598,+,14752,1748,+,14902,1748,+,14902,1748,+,14902,1748,+,14902,1898,+,14902,1898,+,14902,1898,+,15052,1898,+,15202,1898,+,15202,1898,+,15202,1898,+,15202,1898,+,15202,1898,+,15352,1898,+,15352,1898,+,15502,1898,+,15502,1898,+,15502,1898,+,15652,1898,+,15802,1898,+,15802,1898,+,15802,1898,+,15802,1898,+,15802,1898,+,15802,1898,+,15802,1898,+,15802,1898,+,15802,1898,+,15802,1898,+,15802,1898,+,15802,1898,+,15952,1898,+,15952,1898,+,15952,1898,+,15952,1898,+,15952,1898,+,15952,1898,+,15952,1898,+,15952,1898,+,15952,1898,+,15952,1898,+,15952,1898,+,15952,1898,+,16102,1898,+,16102,1898,+,16252,1898,+,16252,2048,+,16252,2048,+,16402,2048,+,16402,2048,+,16402,2048,+,16402,2048,+,16402,2048,+,16402,2048,+,16402,2048,+,16552,2048,+,16702,2048,+,16702,2048,+,16702,2048,+,16702,2048,+,16852,2048,+,16852,2198,+,17002,2198,+,17002,2198,+,17002,2198,+,17152,2198,+,17302,2198,+,17302,2198,+,17302,2198,+,17302,2198,+,17302,2198,+,17302,2198,+,17452,2198,+,17452,2198,+,17452,2198,+,17452,2198,+,17452,2198,+
e9,13001,999,+,13001,1149,+,13151,1149,+,13301,1149,+,13301,1149,+,13301,1149,+,13301,1149,+,13451,1149,+,13451,1149,+,13451,1149,+,13451,1149,+,13451,1149,+,13601,1149,+,13601,1149,+,13601,1149,+,13601,1149,+,13601,1149,+,13601,1149,+,13601,1149,+,13751,1149,+,13751,1149,+,13751,1149,+,13751,1149,+,13751,1149,+,13901,1149,+,13901,1149,+,13901,1149,+,13901,1149,+,13901,1149,+,13901,1299,+,14051,1299,+,14051,1299,+,14051,1299,+,14051,1299,+,14051,1299,+,14051,1299,+,14051,1299,+,14201,1299,+,14201,1299,+,14201,1299,+,14201,1299,+,14351,1299,+,14351,1449,+,14351,1599,+,14351,1599,+,14501,1599,+,14501,1599,+,14501,1599,+,14651,1599,+,14651,1599,+,14651,1599,+,14651,1599,+,14651,1599,+,14651,1599,+,14651,1599,+,14651,1599,+,14651,1599,+,14651,1599,+,14651,1599,+,14651,1599,+,14801,1599,+,14801,1599,+,14801,1599,+,14801,1599,+,14801,1599,+,14801,1599,+,14801,1599,+,14951,1599,+,14951,1599,+,15101,1599,+,15101,1599,+,15101,1599,+,15101,1599,+,15101,1599,+,15101,1599,+,15101,1599,+,15101,1599,+,15101,1599,+,15101,1749,+,15251,1749,+,15401,1749,+,15551,1749,+,15551,1749,+,15701,1749,+,15701,1749,+,15701,1749,+,15851,1749,+,15851,1749,+,16001,1749,+,16001,1749,+,16001,1749,+,16151,1749,+,16301,1749,+,16451,1749,+,16451,1749,+,16451,1749,+,16601,1749,+,16601,1749,+,16601,1749,+,16601,1899,+,16601,1899,+,16601,1899,+,16601,1899,+,16601,1899,+,16601,1899,+,16751,1899,+,16751,1899,+,16751,1899,+,16751,1899,+,16751,1899,+,16751,1899,+,16751,1899,+,16751,2049,+,16901,2049,+,17051,2049,+,17051,2199,+,17051,2199,+,17051,2199,+,17051,2199,+,17201,2199,+,17351,2199,+,17351,2199,+,17351,2199,+,17351,2199,+,17501,2199,+,17651,2199,+,17651,2199,+,17651,2199,+,17801,2199,+,17801,2199,+,17801,2199,+,17951,2199,+,18101,2199,+,18101,2199,+,18101,2349,+,18101,2349,+,18101,2349,+,18251,2349,+,18251,2349,+,18401,2349,+,18401,2349,+,18401,2349,+,18551,2349,+,18701,2349,+,18701,2349,+,18701,2349,+,18701,2349,+,18701,2349,+,18701,2349,+,18701,2349,+,18701,2349,+,18701,2349,+,18701,2349,+,18701,2349,+,18701,2349,+,18851,2349,+,18851,2349,+,18851,2349,+,18851,2349,+,18851,2349,+,18851,2349,+,18851,2349,+,18851,2349,+,18851,2349,+,18851,2349,+,18851,2349,+,18851,2349,+,19001,2349,+,19001,2349,+,19151,2349,+,19301,2349,+,19301,2349,+,19451,2349,+,19451,2349,+,19451,2349,+,19451,2349,+,19451,2349,+,19451,2349,+,19451,2349,+,19601,2349,+,19751,2349,+,19751,2349,+,19751,2349,+,19751,2349,+,19901,2349,+,20051,2349,+,20201,2349,+,20201,2349,+,20201,2349,+,20351,2349,+,20501,2349,+,20501,2349,+,20501,2349,+,20501,2349,+,20501,2349,+,20501,2349,+,20651,2349,+,20651,2349,+,20651,2349,+,20651,2349,+,20651,2349,+
e10,14002,998,+,14152,998,+,14302,998,+,14452,998,+,14452,998,+,14452,998,+,14452,998,+,14602,998,+,14602,998,+,14602,998,+,14602,998,+,14602,998,+,14752,998,+,14752,998,+,14752,998,+,14752,998,+,14752,998,+,14752,998,+,14752,998,+,14902,998,+,14902,998,+,14902,998,+,14902,998,+,14902,998,+,15052,998,+,15052,998,+,15052,998,+,15052,998,+,15052,998,+,15202,998,+,15352,998,+,15352,998,+,15352,998,+,15352,998,+,15352,998,+,15352,998,+,15352,998,+,15502,998,+,15502,998,+,15502,998,+,15502,998,+,15652,998,+,15802,998,+,15952,998,+,15952,998,+,16102,998,+,16102,1148,+,16102,1148,+,16252,1148,+,16252,1148,+,16252,1148,+,16252,1148,+,16252,1148,+,16252,1148,+,16252,1148,+,16252,1148,+,16252,1148,+,16252,1148,+,16252,1148,+,16252,1148,+,16402,1148,+,16402,1148,+,16402,1148,+,16402,1148,+,16402,1148,+,16402,1148,+,16402,1148,+,16552,1148,+,16552,1148,+,16702,1148,+,16702,1148,+,16702,1148,+,16702,1148,+,16702,1148,+,16702,1148,+,16702,1148,+,16702,1148,+,16702,1148,+,16852,1148,+,17002,1148,+,17152,1148,+,17302,1148,+,17302,1148,+,17452,1148,+,17452,1148,+,17452,1148,+,17602,1148,+,17602,1148,+,17752,1148,+,17752,1148,+,17752,1148,+,17902,1148,+,18052,1148,+,18202,1148,+,18202,1148,+,18202,1298,+,18352,1298,+,18352,1448,+,18352,1448,+,18502,1448,+,18502,1598,+,18502,1598,+,18502,1598,+,18502,1598,+,18502,1598,+,18652,1598,+,18652,1598,+,18652,1598,+,18652,1598,+,18652,1598,+,18652,1598,+,18652,1598,+,18802,1598,+,18952,1598,+,19102,1598,+,19252,1598,+,19252,1598,+,19252,1598,+,19252,1598,+,19402,1598,+,19552,1598,+,19552,1598,+,19552,1598,+,19552,1598,+,19702,1598,+,19852,1598,+,19852,1598,+,19852,1598,+,20002,1598,+,20002,1598,+,20002,1748,+,20152,1748,+,20302,1748,+,20302,1748,+,20452,1748,+,20452,1748,+,20452,1748,+,20602,1748,+,20602,1748,+,20752,1748,+,20752,1748,+,20752,1748,+,20902,1748,+,21052,1748,+,21052,1748,+,21052,1748,+,21052,1748,+,21052,1898,+,21052,1898,+,21052,1898,+,21052,1898,+,21052,1898,+,21052,1898,+,21052,1898,+,21052,1898,+,21202,1898,+,21202,1898,+,21202,1898,+,21202,1898,+,21202,1898,+,21202,1898,+,21202,1898,+,21202,1898,+,21202,1898,+,21202,1898,+,21202,1898,+,21202,1898,+,21352,1898,+,21352,1898,+,21502,1898,+,21652,1898,+,21652,1898,+,21802,1898,+,21802,1898,+,21802,1898,+,21802,1898,+,21802,1898,+,21802,1898,+,21802,1898,+,21952,1898,+,22102,1898,+,22102,2048,+,22102,2048,+,22102,2048,+,22252,2048,+,22402,2048,+,22552,2048,+,22552,2048,+,22552,2048,+,22702,2048,+,22852,2048,+,22852,2048,+,22852,2048,+,22852,2048,+,22852,2048,+,22852,2048,+,23002,2048,+,23002,2048,+,23002,2048,+,23002,2048,+,23002,2048,+
e11,16001,999,+,16151,999,+,16301,999,+,16451,999,+,16451,999,+,16451,999,+,16451,999,+,16601,999,+,16601,999,+,16601,1149,+,16601,1149,+,16601,1299,+,16751,1299,+,16751,1299,+,16751,1299,+,16751,1299,+,16751,1299,+,16751,1299,+,16751,1299,+,16901,1299,+,16901,1299,+,16901,1299,+,16901,1299,+,16901,1299,+,17051,1299,+,17051,1299,+,17051,1449,+,17051,1449,+,17051,1449,+,17201,1449,+,17351,1449,+,17351,1449,+,17351,1449,+,17351,1449,+,17351,1449,+,17351,1449,+,17351,1449,+,17501,1449,+,17501,1449,+,17501,1449,+,17501,1449,+,17651,1449,+,17801,1449,+,17951,1449,+,17951,1449,+,18101,1449,+,18251,1449,+,18251,1449,+,18401,1449,+,18401,1449,+,18401,1449,+,18401,1449,+,18401,1449,+,18401,1449,+,18401,1449,+,18401,1449,+,18401,1449,+,18401,1449,+,18401,1449,+,18401,1449,+,18551,1449,+,18551,1449,+,18551,1449,+,18551,1449,+,18551,1449,+,18551,1449,+,18551,1449,+,18701,1449,+,18701,1449,+,18851,1449,+,18851,1449,+,18851,1449,+,18851,1449,+,18851,1449,+,18851,1449,+,18851,1449,+,18851,1449,+,18851,1449,+,19001,1449,+,19151,1449,+,19301,1449,+,19451,1449,+,19451,1449,+,19601,1449,+,19601,1449,+,19601,1449,+,19751,1449,+,19751,1449,+,19901,1449,+,19901,1449,+,19901,1599,+,20051,1599,+,20201,1599,+,20351,1599,+,20351,1749,+,20501,1749,+,20651,1749,+,20801,1749,+,20801,1749,+,20951,1749,+,21101,1749,+,21101,1749,+,21101,1749,+,21101,1749,+,21101,1749,+,21251,1749,+,21251,1749,+,21251,1749,+,21251,1749,+,21251,1749,+,21251,1749,+,21251,1749,+,21401,1749,+,21551,1749,+,21701,1749,+,21851,1749,+,21851,1749,+,21851,1749,+,21851,1749,+,22001,1749,+,22151,1749,+,22151,1749,+,22151,1749,+,22151,1749,+,22301,1749,+,22451,1749,+,22451,1749,+,22451,1749,+,22601,1749,+,22601,1749,+,22751,1749,+,22901,1749,+,23051,1749,+,23051,1749,+,23201,1749,+,23201,1899,+,23201,2049,+,23351,2049,+,23351,2049,+,23501,2049,+,23501,2049,+,23501,2049,+,23651,2049,+,23801,2049,+,23801,2049,+,23801,2049,+,23801,2049,+,23951,2049,+,23951,2049,+,23951,2049,+,23951,2049,+,23951,2049,+,23951,2049,+,23951,2049,+,23951,2049,+,24101,2049,+,24101,2049,+,24101,2049,+,24101,2049,+,24101,2199,+,24101,2199,+,24101,2199,+,24101,2199,+,24101,2199,+,24101,2199,+,24101,2199,+,24101,2199,+,24251,2199,+,24251,2199,+,24401,2199,+,24551,2199,+,24551,2199,+,24701,2199,+,24701,2199,+,24701,2199,+,24701,2349,+,24701,2349,+,24701,2349,+,24701,2349,+,24851,2349,+,25001,2349,+,25151,2349,+,25151,2349,+,25151,2349,+,25301,2349,+,25451,2349,+,25601,2349,+,25601,2349,+,25601,2349,+,25751,2349,+,25901,2349,+,25901,2349,+,25901,2349,+,25901,2349,+,25901,2349,+,25901,2349,+,26051,2349,+,26051,2349,+,26051,2349,+,26051,2349,+,26051,2349,+
e12,17002,998,+,17152,998,+,17302,998,+,17452,998,+,17452,998,+,17452,998,+,17452,998,+,17602,998,+,17602,998,+,17752,998,+,17752,998,+,17902,998,+,18052,998,+,18052,998,+,18052,998,+,18052,998,+,18052,998,+,18052,998,+,18052,1148,+,18202,1148,+,18202,1148,+,18202,1148,+,18202,1148,+,18202,1148,+,18352,1148,+,18352,1148,+,18502,1148,+,18502,1148,+,18502,1148,+,18652,1148,+,18802,1148,+,18802,1148,+,18802,1298,+,18802,1298,+,18802,1298,+,18802,1298,+,18802,1298,+,18952,1298,+,18952,1298,+,18952,1298,+,18952,1298,+,19102,1298,+,19252,1298,+,19402,1298,+,19402,1298,+,19552,1298,+,19702,1298,+,19702,1298,+,19852,1298,+,19852,1298,+,19852,1298,+,19852,1298,+,19852,1298,+,19852,1298,+,19852,1298,+,19852,1298,+,19852,1298,+,19852,1298,+,19852,1298,+,19852,1298,+,20002,1298,+,20002,1298,+,20002,1448,+,20002,1448,+,20002,1448,+,20002,1448,+,20002,1448,+,20152,1448,+,20152,1448,+,20302,1448,+,20302,1448,+,20302,1448,+,20302,1448,+,20302,1448,+,20302,1448,+,20302,1448,+,20302,1448,+,20302,1448,+,20452,1448,+,20602,1448,+,20752,1448,+,20902,1448,+,20902,1448,+,21052,1448,+,21052,1448,+,21052,1598,+,21202,1598,+,21202,1598,+,21352,1598,+,21352,1598,+,21502,1598,+,21652,1598,+,21802,1598,+,21952,1598,+,22102,1598,+,22252,1598,+,22402,1598,+,22552,1598,+,22552,1598,+,22702,1598,+,22852,1598,+,22852,1598,+,22852,1598,+,22852,1598,+,22852,1598,+,23002,1598,+,23002,1598,+,23002,1598,+,23002,1598,+,23002,1598,+,23002,1598,+,23002,1598,+,23152,1598,+,23302,1598,+,23452,1598,+,23602,1598,+,23602,1598,+,23602,1598,+,23602,1598,+,23752,1598,+,23902,1598,+,23902,1598,+,23902,1598,+,23902,1598,+,24052,1598,+,24202,1598,+,24202,1598,+,24202,1748,+,24352,1748,+,24352,1748,+,24502,1748,+,24652,1748,+,24802,1748,+,24802,1748,+,24952,1748,+,25102,1748,+,25252,1748,+,25402,1748,+,25402,1748,+,25552,1748,+,25552,1748,+,25552,1748,+,25702,1748,+,25852,1748,+,25852,1748,+,25852,1748,+,25852,1748,+,26002,1748,+,26002,1748,+,26002,1748,+,26002,1748,+,26002,1748,+,26002,1748,+,26002,1748,+,26002,1748,+,26152,1748,+,26152,1748,+,26152,1748,+,26152,1748,+,26302,1748,+,26302,1748,+,26302,1748,+,26302,1748,+,26302,1748,+,26302,1748,+,26302,1748,+,26302,1748,+,26452,1748,+,26452,1748,+,26602,1748,+,26752,1748,+,26752,1898,+,26902,1898,+,26902,1898,+,26902,1898,+,27052,1898,+,27052,1898,+,27052,1898,+,27052,1898,+,27202,1898,+,27352,1898,+,27502,1898,+,27502,1898,+,27502,1898,+,27652,1898,+,27802,1898,+,27952,1898,+,27952,1898,+,27952,1898,+,28102,1898,+,28252,1898,+,28252,1898,+,28252,1898,+,28252,1898,+,28252,1898,+,28252,1898,+,28402,1898,+,28402,1898,+,28402,1898,+,28402,1898,+,28402,1898,+
e13,19001,999,+,19151,999,+,19301,999,+,19451,999,+,19451,999,+,19451,999,+,19451,999,+,19601,999,+,19601,999,+,19751,999,+,19751,999,+,19901,999,+,20051,999,+,20051,999,+,20051,999,+,20051,999,+,20051,999,+,20051,999,+,20201,999,+,20351,999,+,20351,999,+,20351,999,+,20351,999,+,20351,999,+,20501,999,+,20501,999,+,20651,999,+,20651,999,+,20651,999,+,20801,999,+,20951,999,+,20951,999,+,21101,999,+,21101,999,+,21101,999,+,21101,999,+,21101,1149,+,21251,1149,+,21251,1149,+,21251,1149,+,21251,1149,+,21401,1149,+,21551,1149,+,21701,1149,+,21701,1149,+,21851,1149,+,22001,1149,+,22001,1149,+,22151,1149,+,22151,1149,+,22151,1149,+,22151,1149,+,22151,1149,+,22151,1149,+,22151,1149,+,22151,1149,+,22151,1149,+,22151,1149,+,22151,1149,+,22151,1149,+,22301,1149,+,22301,1149,+,22451,1149,+,22451,1149,+,22451,1149,+,22451,1149,+,22451,1149,+,22601,1149,+,22601,1149,+,22751,1149,+,22751,1149,+,22751,1149,+,22751,1149,+,22751,1149,+,22751,1149,+,22751,1149,+,22751,1149,+,22751,1149,+,22901,1149,+,23051,1149,+,23201,1149,+,23351,1149,+,23351,1149,+,23501,1149,+,23501,1299,+,23651,1299,+,23801,1299,+,23801,1299,+,23951,1299,+,23951,1299,+,24101,1299,+,24251,1299,+,24401,1299,+,24551,1299,+,24701,1299,+,24851,1299,+,25001,1299,+,25151,1299,+,25151,1299,+,25301,1299,+,25451,1299,+,25451,1299,+,25451,1299,+,25451,1299,+,25451,1299,+,25601,1299,+,25601,1299,+,25601,1299,+,25601,1299,+,25601,1299,+,25601,1299,+,25601,1299,+,25751,1299,+,25901,1299,+,26051,1299,+,26201,1299,+,26201,1299,+,26201,1299,+,26201,1299,+,26351,1299,+,26501,1299,+,26501,1299,+,26501,1299,+,26501,1299,+,26651,1299,+,26801,1299,+,26801,1299,+,26951,1299,+,27101,1299,+,27101,1299,+,27251,1299,+,27401,1299,+,27551,1299,+,27551,1299,+,27701,1299,+,27851,1299,+,28001,1299,+,28151,1299,+,28151,1299,+,28301,1299,+,28301,1299,+,28301,1299,+,28451,1299,+,28601,1299,+,28601,1299,+,28601,1299,+,28601,1299,+,28751,1299,+,28751,1299,+,28751,1299,+,28751,1299,+,28751,1299,+,28751,1299,+,28751,1299,+,28751,1299,+,28901,1299,+,28901,1299,+,28901,1299,+,28901,1299,+,29051,1299,+,29051,1299,+,29051,1299,+,29051,1299,+,29051,1299,+,29051,1299,+,29051,1299,+,29051,1299,+,29201,1299,+,29201,1449,+,29351,1449,+,29501,1449,+,29651,1449,+,29801,1449,+,29801,1449,+,29801,1449,+,29951,1449,+,29951,1449,+,29951,1449,+,29951,1449,+,30101,1449,+,30251,1449,+,30401,1449,+,30401,1449,+,30401,1449,+,30551,1449,+,30701,1449,+,30851,1449,+,30851,1449,+,30851,1449,+,31001,1449,+,31151,1449,+,31151,1449,+,31151,1449,+,31151,1449,+,31151,1449,+,31151,1449,+,31301,1449,+,31301,1449,+,31301,1449,+,31301,1449,+,31301,1449,+
e14,20002,998,+,20152,998,+,20302,998,+,20452,998,+,20452,998,+,20452,998,+,20452,1148,+,20602,1148,+,20602,1148,+,20752,1148,+,20752,1148,+,20902,1148,+,21052,1148,+,21052,1298,+,21052,1298,+,21052,1298,+,21052,1298,+,21052,1298,+,21202,1298,+,21352,1298,+,21352,1298,+,21352,1298,+,21352,1298,+,21352,1298,+,21502,1298,+,21502,1298,+,21652,1298,+,21652,1298,+,21652,1298,+,21802,1298,+,21952,1298,+,21952,1298,+,22102,1298,+,22102,1298,+,22102,1298,+,22102,1298,+,22252,1298,+,22402,1298,+,22402,1298,+,22402,1298,+,22402,1298,+,22552,1298,+,22702,1298,+,22852,1298,+,22852,1448,+,23002,1448,+,23152,1448,+,23152,1598,+,23302,1598,+,23302,1598,+,23302,1598,+,23302,1598,+,23302,1598,+,23302,1598,+,23302,1598,+,23302,1598,+,23302,1598,+,23302,1598,+,23302,1598,+,23302,1748,+,23452,1748,+,23452,1748,+,23602,1748,+,23602,1748,+,23602,1898,+,23602,2048,+,23602,2048,+,23752,2048,+,23752,2048,+,23902,2048,+,23902,2048,+,23902,2048,+,23902,2048,+,23902,2048,+,23902,2048,+,23902,2198,+,23902,2198,+,23902,2198,+,24052,2198,+,24202,2198,+,24352,2198,+,24502,2198,+,24502,2198,+,24652,2198,+,24802,2198,+,24952,2198,+,25102,2198,+,25102,2198,+,25252,2198,+,25252,2198,+,25402,2198,+,25552,2198,+,25702,2198,+,25852,2198,+,26002,2198,+,26152,2198,+,26302,2198,+,26452,2198,+,26452,2348,+,26602,2348,+,26752,2348,+,26752,2348,+,26752,2348,+,26752,2348,+,26752,2348,+,26902,2348,+,26902,2348,+,26902,2348,+,26902,2348,+,26902,2498,+,26902,2498,+,26902,2498,+,27052,2498,+,27202,2498,+,27352,2498,+,27502,2498,+,27502,2498,+,27502,2498,+,27502,2648,+,27652,2648,+,27802,2648,+,27802,2648,+,27802,2648,+,27802,2648,+,27952,2648,+,28102,2648,+,28102,2648,+,28252,2648,+,28402,2648,+,28402,2648,+,28552,2648,+,28702,2648,+,28852,2648,+,28852,2648,+,29002,2648,+,29152,2648,+,29302,2648,+,29452,2648,+,29452,2648,+,29602,2648,+,29602,2648,+,29602,2648,+,29752,2648,+,29902,2648,+,29902,2648,+,29902,2648,+,29902,2648,+,30052,2648,+,30052,2648,+,30052,2648,+,30052,2648,+,30052,2648,+,30052,2648,+,30052,2648,+,30052,2648,+,30202,2648,+,30202,2648,+,30202,2648,+,30202,2648,+,30352,2648,+,30352,2648,+,30352,2648,+,30352,2648,+,30352,2648,+,30352,2648,+,30352,2798,+,30352,2798,+,30502,2798,+,30652,2798,+,30802,2798,+,30952,2798,+,31102,2798,+,31252,2798,+,31252,2798,+,31252,2798,+,31402,2798,+,31402,2798,+,31402,2798,+,31402,2798,+,31552,2798,+,31702,2798,+,31852,2798,+,31852,2798,+,31852,2798,+,32002,2798,+,32152,2798,+,32302,2798,+,32302,2798,+,32302,2798,+,32452,2798,+,32602,2798,+,32602,2798,+,32602,2798,+,32602,2798,+,32602,2798,+,32602,2798,+,32752,2798,+,32752,2798,+,32752,2798,+,32752,2798,+,32752,2798,+
e15,22001,999,+,22151,999,+,22301,999,+,22451,999,+,22451,999,+,22451,999,+,22601,999,+,22751,999,+,22751,999,+,22901,999,+,22901,999,+,23051,999,+,23201,999,+,23351,999,+,23351,1149,+,23351,1149,+,23351,1149,+,23351,1149,+,23501,1149,+,23651,1149,+,23651,1149,+,23651,1149,+,23651,1149,+,23651,1149,+,23801,1149,+,23801,1149,+,23951,1149,+,23951,1149,+,23951,1149,+,24101,1149,+,24251,1149,+,24251,1149,+,24401,1149,+,24401,1149,+,24401,1149,+,24401,1149,+,24551,1149,+,24701,1149,+,24701,1149,+,24701,1149,+,24701,1149,+,24851,1149,+,25001,1149,+,25151,1149,+,25301,1149,+,25451,1149,+,25601,1149,+,25751,1149,+,25901,1149,+,25901,1149,+,25901,1149,+,25901,1149,+,25901,1149,+,25901,1149,+,25901,1149,+,25901,1149,+,25901,1149,+,25901,1149,+,25901,1149,+,26051,1149,+,26201,1149,+,26201,1149,+,26351,1149,+,26351,1149,+,26501,1149,+,26651,1149,+,26651,1149,+,26801,1149,+,26801,1149,+,26951,1149,+,26951,1149,+,26951,1149,+,26951,1149,+,26951,1149,+,26951,1149,+,27101,1149,+,27101,1299,+,27101,1299,+,27251,1299,+,27401,1299,+,27551,1299,+,27701,1299,+,27701,1299,+,27851,1299,+,28001,1299,+,28151,1299,+,28301,1299,+,28301,1299,+,28451,1299,+,28451,1299,+,28601,1299,+,28751,1299,+,28901,1299,+,29051,1299,+,29201,1299,+,29351,1299,+,29501,1299,+,29651,1299,+,29801,1299,+,29951,1299,+,30101,1299,+,30101,1299,+,30101,1299,+,30101,1299,+,30101,1299,+,30251,1299,+,30251,1299,+,30251,1299,+,30251,1299,+,30401,1299,+,30401,1299,+,30401,1299,+,30551,1299,+,30701,1299,+,30851,1299,+,31001,1299,+,31001,1299,+,31001,1299,+,31151,1299,+,31301,1299,+,31451,1299,+,31451,1299,+,31451,1299,+,31451,1299,+,31601,1299,+,31751,1299,+,31751,1299,+,31901,1299,+,32051,1299,+,32051,1299,+,32201,1299,+,32351,1299,+,32501,1299,+,32501,1299,+,32651,1299,+,32801,1299,+,32951,1299,+,33101,1299,+,33101,1299,+,33251,1299,+,33251,1299,+,33251,1299,+,33401,1299,+,33551,1299,+,33551,1299,+,33551,1299,+,33551,1299,+,33701,1299,+,33701,1299,+,33701,1299,+,33701,1299,+,33701,1299,+,33701,1299,+,33701,1299,+,33701,1299,+,33851,1299,+,33851,1299,+,33851,1299,+,33851,1299,+,34001,1299,+,34001,1299,+,34001,1299,+,34001,1299,+,34001,1299,+,34001,1299,+,34151,1299,+,34151,1299,+,34301,1299,+,34451,1299,+,34601,1299,+,34751,1299,+,34901,1299,+,35051,1299,+,35051,1299,+,35051,1299,+,35201,1299,+,35201,1299,+,35201,1299,+,35201,1299,+,35351,1299,+,35501,1299,+,35651,1299,+,35651,1299,+,35651,1299,+,35801,1299,+,35951,1299,+,36101,1299,+,36101,1299,+,36101,1299,+,36251,1299,+,36401,1299,+,36401,1299,+,36401,1299,+,36401,1299,+,36401,1299,+,36401,1299,+,36551,1299,+,36551,1299,+,36551,1299,+,36551,1299,+,36551,1299,+
e16,23002,998,+,23152,998,+,23302,998,+,23452,998,+,23452,998,+,23452,998,+,23602,998,+,23752,998,+,23752,998,+,23902,998,+,23902,998,+,24052,998,+,24202,998,+,24352,998,+,24502,998,+,24502,998,+,24502,998,+,24502,998,+,24652,998,+,24802,998,+,24802,998,+,24802,998,+,24802,998,+,24802,998,+,24952,998,+,24952,998,+,25102,998,+,25102,998,+,25102,998,+,25252,998,+,25402,998,+,25402,998,+,25552,998,+,25552,998,+,25552,998,+,25552,1148,+,25702,1148,+,25852,1148,+,25852,1298,+,25852,1298,+,25852,1298,+,26002,1298,+,26152,1298,+,26302,1298,+,26452,1298,+,26602,1298,+,26752,1298,+,26902,1298,+,27052,1298,+,27052,1298,+,27052,1298,+,27052,1298,+,27052,1298,+,27052,1298,+,27052,1298,+,27052,1298,+,27052,1298,+,27052,1298,+,27052,1298,+,27202,1298,+,27352,1298,+,27352,1298,+,27502,1298,+,27502,1298,+,27652,1298,+,27802,1298,+,27802,1298,+,27952,1298,+,27952,1298,+,28102,1298,+,28102,1298,+,28102,1298,+,28102,1298,+,28102,1298,+,28102,1298,+,28252,1298,+,28402,1298,+,28402,1298,+,28552,1298,+,28702,1298,+,28852,1298,+,29002,1298,+,29002,1298,+,29152,1298,+,29302,1298,+,29452,1298,+,29602,1298,+,29602,1298,+,29752,1298,+,29752,1298,+,29902,1298,+,30052,1298,+,30202,1298,+,30352,1298,+,30502,1298,+,30652,1298,+,30802,1298,+,30952,1298,+,31102,1298,+,31252,1298,+,31402,1298,+,31402,1298,+,31402,1298,+,31402,1298,+,31402,1298,+,31552,1298,+,31552,1298,+,31552,1298,+,31552,1298,+,31702,1298,+,31702,1298,+,31702,1298,+,31852,1298,+,32002,1298,+,32152,1298,+,32302,1298,+,32302,1298,+,32302,1298,+,32452,1298,+,32602,1298,+,32752,1298,+,32752,1298,+,32752,1298,+,32752,1298,+,32902,1298,+,33052,1298,+,33052,1298,+,33202,1298,+,33352,1298,+,33352,1298,+,33502,1298,+,33652,1298,+,33802,1298,+,33802,1298,+,33952,1298,+,34102,1298,+,34252,1298,+,34402,1298,+,34402,1298,+,34552,1298,+,34552,1298,+,34552,1298,+,34702,1298,+,34852,1298,+,34852,1298,+,34852,1298,+,34852,1298,+,35002,1298,+,35002,1298,+,35002,1298,+,35002,1298,+,35002,1298,+,35002,1298,+,35002,1298,+,35002,1298,+,35152,1298,+,35152,1298,+,35152,1298,+,35152,1298,+,35302,1298,+,35302,1298,+,35302,1298,+,35302,1298,+,35302,1298,+,35302,1298,+,35452,1298,+,35452,1298,+,35602,1298,+,35752,1298,+,35902,1298,+,36052,1298,+,36202,1298,+,36352,1298,+,36352,1298,+,36352,1298,+,36502,1298,+,36502,1298,+,36502,1298,+,36502,1298,+,36652,1298,+,36802,1298,+,36952,1298,+,36952,1298,+,36952,1298,+,37102,1298,+,37252,1298,+,37402,1298,+,37402,1298,+,37402,1298,+,37552,1298,+,37702,1298,+,37702,1298,+,37702,1298,+,37702,1298,+,37702,1298,+,37702,1298,+,37852,1298,+,37852,1298,+,37852,1298,+,37852,1298,+,37852,1448,+
e17,25001,999,+,25151,999,+,25301,999,+,25451,999,+,25451,999,+,25451,999,+,25601,999,+,25751,999,+,25751,1149,+,25901,1149,+,25901,1149,+,26051,1149,+,26201,1149,+,26351,1149,+,26501,1149,+,26501,1149,+,26501,1149,+,26501,1149,+,26651,1149,+,26801,1149,+,26801,1149,+,26801,1149,+,26801,1149,+,26801,1149,+,26951,1149,+,26951,1149,+,27101,1149,+,27101,1149,+,27101,1149,+,27251,1149,+,27401,1149,+,27401,1299,+,27551,1299,+,27551,1299,+,27551,1299,+,27701,1299,+,27851,1299,+,28001,1299,+,28151,1299,+,28151,1299,+,28151,1299,+,28301,1299,+,28451,1299,+,28601,1299,+,28751,1299,+,28901,1299,+,29051,1299,+,29201,1299,+,29351,1299,+,29351,1299,+,29351,1299,+,29351,1299,+,29351,1299,+,29351,1299,+,29351,1299,+,29351,1299,+,29351,1299,+,29351,1449,+,29351,1449,+,29501,1449,+,29651,1449,+,29651,1449,+,29801,1449,+,29801,1449,+,29951,1449,+,30101,1449,+,30101,1449,+,30251,1449,+,30251,1449,+,30401,1449,+,30401,1449,+,30401,1449,+,30401,1599,+,30401,1599,+,30401,1599,+,30551,1599,+,30701,1599,+,30701,1599,+,30851,1599,+,31001,1599,+,31151,1599,+,31301,1599,+,31301,1599,+,31451,1599,+,31601,1599,+,31751,1599,+,31901,1599,+,31901,1599,+,32051,1599,+,32051,1749,+,32201,1749,+,32351,1749,+,32501,1749,+,32651,1749,+,32801,1749,+,32951,1749,+,33101,1749,+,33251,1749,+,33401,1749,+,33551,1749,+,33701,1749,+,33701,1749,+,33701,1749,+,33701,1749,+,33701,1749,+,33851,1749,+,33851,1899,+,33851,2049,+,33851,2049,+,34001,2049,+,34001,2049,+,34001,2049,+,34151,2049,+,34301,2049,+,34451,2049,+,34601,2049,+,34601,2199,+,34601,2199,+,34751,2199,+,34901,2199,+,35051,2199,+,35051,2199,+,35051,2199,+,35051,2199,+,35201,2199,+,35351,2199,+,35351,2199,+,35501,2199,+,35651,2199,+,35651,2199,+,35801,2199,+,35951,2199,+,36101,2199,+,36101,2199,+,36251,2199,+,36401,2199,+,36551,2199,+,36701,2199,+,36701,2199,+,36851,2199,+,36851,2349,+,36851,2349,+,37001,2349,+,37151,2349,+,37151,2349,+,37151,2349,+,37151,2499,+,37301,2499,+,37301,2499,+,37301,2499,+,37301,2499,+,37301,2499,+,37301,2499,+,37301,2499,+,37301,2499,+,37451,2499,+,37451,2499,+,37451,2499,+,37451,2499,+,37601,2499,+,37601,2499,+,37601,2499,+,37601,2649,+,37601,2649,+,37601,2649,+,37751,2649,+,37751,2649,+,37901,2649,+,38051,2649,+,38201,2649,+,38351,2649,+,38501,2649,+,38651,2649,+,38651,2649,+,38651,2649,+,38801,2649,+,38801,2649,+,38801,2649,+,38801,2649,+,38951,2649,+,39101,2649,+,39251,2649,+,39251,2649,+,39251,2649,+,39401,2649,+,39551,2649,+,39701,2649,+,39701,2649,+,39701,2649,+,39851,2649,+,40001,2649,+,40001,2649,+,40001,2649,+,40001,2649,+,40001,2649,+,40001,2649,+,40151,2649,+,40151,2649,+,40151,2649,+,40151,2649,+,40301,2649,+
e18,26002,998,+,26152,998,+,26302,998,+,26452,998,+,26452,998,+,26452,998,+,26602,998,+,26752,998,+,26902,998,+,27052,998,+,27052,998,+,27202,998,+,27352,998,+,27502,998,+,27652,998,+,27652,998,+,27652,998,+,27652,1148,+,27802,1148,+,27952,1148,+,27952,1148,+,27952,1148,+,27952,1148,+,27952,1148,+,28102,1148,+,28102,1148,+,28252,1148,+,28252,1148,+,28252,1298,+,28402,1298,+,28552,1298,+,28702,1298,+,28852,1298,+,28852,1298,+,28852,1298,+,29002,1298,+,29152,1298,+,29302,1298,+,29452,1298,+,29452,1298,+,29452,1298,+,29602,1298,+,29752,1298,+,29902,1298,+,30052,1298,+,30202,1298,+,30352,1298,+,30502,1298,+,30652,1298,+,30652,1298,+,30652,1298,+,30652,1298,+,30652,1298,+,30652,1298,+,30652,1298,+,30652,1298,+,30652,1298,+,30802,1298,+,30802,1448,+,30952,1448,+,31102,1448,+,31102,1448,+,31252,1448,+,31252,1448,+,31402,1448,+,31552,1448,+,31552,1448,+,31702,1448,+,31702,1448,+,31852,1448,+,31852,1448,+,31852,1448,+,32002,1448,+,32002,1448,+,32002,1448,+,32152,1448,+,32302,1448,+,32302,1448,+,32452,1448,+,32602,1448,+,32752,1448,+,32902,1448,+,32902,1448,+,33052,1448,+,33202,1448,+,33352,1448,+,33502,1448,+,33502,1448,+,33652,1448,+,33802,1448,+,33952,1448,+,34102,1448,+,34252,1448,+,34402,1448,+,34552,1448,+,34702,1448,+,34852,1448,+,35002,1448,+,35152,1448,+,35302,1448,+,35452,1448,+,35452,1448,+,35452,1448,+,35452,1448,+,35452,1448,+,35602,1448,+,35752,1448,+,35902,1448,+,35902,1448,+,36052,1448,+,36052,1448,+,36052,1448,+,36202,1448,+,36352,1448,+,36502,1448,+,36652,1448,+,36802,1448,+,36802,1448,+,36952,1448,+,37102,1448,+,37252,1448,+,37252,1598,+,37252,1598,+,37252,1598,+,37402,1598,+,37552,1598,+,37552,1598,+,37702,1598,+,37852,1598,+,37852,1598,+,38002,1598,+,38152,1598,+,38302,1598,+,38302,1748,+,38452,1748,+,38602,1748,+,38752,1748,+,38902,1748,+,38902,1748,+,39052,1748,+,39202,1748,+,39202,1748,+,39352,1748,+,39502,1748,+,39502,1748,+,39502,1748,+,39652,1748,+,39802,1748,+,39802,1748,+,39802,1748,+,39802,1748,+,39802,1748,+,39802,1748,+,39802,1748,+,39802,1748,+,39952,1748,+,39952,1748,+,39952,1748,+,39952,1748,+,40102,1748,+,40102,1748,+,40102,1748,+,40252,1748,+,40252,1748,+,40252,1748,+,40402,1748,+,40402,1748,+,40552,1748,+,40702,1748,+,40852,1748,+,41002,1748,+,41152,1748,+,41302,1748,+,41302,1748,+,41302,1748,+,41452,1748,+,41452,1748,+,41452,1748,+,41452,1748,+,41602,1748,+,41752,1748,+,41902,1748,+,41902,1748,+,41902,1748,+,42052,1748,+,42202,1748,+,42352,1748,+,42352,1748,+,42352,1898,+,42502,1898,+,42652,1898,+,42652,1898,+,42652,2048,+,42652,2198,+,42652,2198,+,42652,2198,+,42802,2198,+,42802,2348,+,42802,2348,+,42802,2348,+,42952,2348,+
e19,28001,999,+,28151,999,+,28301,999,+,28451,999,+,28451,999,+,28451,999,+,28601,999,+,28751,999,+,28901,999,+,29051,999,+,29051,999,+,29201,999,+,29351,999,+,29501,999,+,29651,999,+,29651,999,+,29651,999,+,29801,999,+,29951,999,+,30101,999,+,30101,999,+,30101,999,+,30101,999,+,30101,999,+,30251,999,+,30251,999,+,30401,999,+,30401,999,+,30551,999,+,30701,999,+,30851,999,+,31001,999,+,31151,999,+,31151,1149,+,31151,1149,+,31301,1149,+,31451,1149,+,31601,1149,+,31751,1149,+,31751,1149,+,31751,1149,+,31901,1149,+,32051,1149,+,32201,1149,+,32351,1149,+,32501,1149,+,32651,1149,+,32801,1149,+,32951,1149,+,32951,1149,+,32951,1299,+,32951,1299,+,32951,1299,+,32951,1299,+,32951,1299,+,32951,1299,+,32951,1299,+,33101,1299,+,33251,1299,+,33401,1299,+,33551,1299,+,33551,1299,+,33701,1299,+,33701,1299,+,33851,1299,+,34001,1299,+,34001,1299,+,34151,1299,+,34151,1299,+,34301,1299,+,34301,1299,+,34301,1299,+,34451,1299,+,34451,1299,+,34451,1299,+,34601,1299,+,34751,1299,+,34751,1299,+,34901,1299,+,35051,1299,+,35201,1299,+,35351,1299,+,35351,1299,+,35501,1299,+,35651,1299,+,35801,1299,+,35951,1299,+,35951,1449,+,36101,1449,+,36251,1449,+,36401,1449,+,36551,1449,+,36701,1449,+,36851,1449,+,37001,1449,+,37151,1449,+,37301,1449,+,37451,1449,+,37601,1449,+,37751,1449,+,37901,1449,+,37901,1449,+,37901,1449,+,37901,1599,+,37901,1749,+,38051,1749,+,38201,1749,+,38351,1749,+,38351,1899,+,38501,1899,+,38501,1899,+,38501,1899,+,38651,1899,+,38801,1899,+,38951,1899,+,39101,1899,+,39251,1899,+,39251,1899,+,39401,1899,+,39551,1899,+,39701,1899,+,39851,1899,+,39851,1899,+,39851,1899,+,40001,1899,+,40151,1899,+,40151,1899,+,40301,1899,+,40451,1899,+,40451,1899,+,40601,1899,+,40751,1899,+,40901,1899,+,41051,1899,+,41201,1899,+,41351,1899,+,41501,1899,+,41651,1899,+,41651,1899,+,41801,1899,+,41951,1899,+,41951,2049,+,42101,2049,+,42251,2049,+,42251,2049,+,42251,2199,+,42401,2199,+,42551,2199,+,42551,2199,+,42551,2199,+,42551,2199,+,42551,2349,+,42551,2349,+,42551,2349,+,42551,2349,+,42701,2349,+,42701,2349,+,42701,2349,+,42701,2349,+,42851,2349,+,42851,2499,+,42851,2649,+,43001,2649,+,43001,2649,+,43001,2649,+,43151,2649,+,43151,2649,+,43301,2649,+,43451,2649,+,43601,2649,+,43751,2649,+,43901,2649,+,44051,2649,+,44051,2649,+,44051,2649,+,44201,2649,+,44201,2649,+,44201,2649,+,44201,2649,+,44351,2649,+,44501,2649,+,44651,2649,+,44651,2799,+,44651,2799,+,44801,2799,+,44951,2799,+,45101,2799,+,45101,2949,+,45251,2949,+,45401,2949,+,45551,2949,+,45551,2949,+,45701,2949,+,45851,2949,+,45851,2949,+,45851,2949,+,46001,2949,+,46151,2949,+,46151,2949,+,46151,2949,+,46301,2949,+
e20,29002,998,+,29152,998,+,29302,998,+,29452,998,+,29452,998,+,29452,998,+,29602,998,+,29752,998,+,29902,998,+,30052,998,+,30052,998,+,30202,998,+,30352,998,+,30502,998,+,30652,998,+,30652,998,+,30652,998,+,30802,998,+,30952,998,+,31102,998,+,31102,998,+,31102,998,+,31102,998,+,31102,998,+,31252,998,+,31252,998,+,31402,998,+,31402,1148,+,31552,1148,+,31702,1148,+,31852,1148,+,32002,1148,+,32152,1148,+,32302,1148,+,32302,1148,+,32452,1148,+,32602,1148,+,32752,1148,+,32902,1148,+,32902,1148,+,32902,1148,+,33052,1148,+,33202,1148,+,33352,1148,+,33502,1148,+,33652,1148,+,33802,1148,+,33952,1148,+,34102,1148,+,34102,1298,+,34252,1298,+,34252,1298,+,34252,1298,+,34252,1298,+,34252,1298,+,34252,1298,+,34252,1298,+,34402,1298,+,34552,1298,+,34702,1298,+,34852,1298,+,34852,1298,+,35002,1298,+,35002,1298,+,35152,1298,+,35302,1298,+,35302,1298,+,35452,1298,+,35452,1298,+,35602,1298,+,35602,1298,+,35602,1298,+,35752,1298,+,35752,1448,+,35752,1448,+,35902,1448,+,36052,1448,+,36052,1448,+,36202,1448,+,36352,1448,+,36502,1448,+,36652,1448,+,36652,1448,+,36802,1448,+,36952,1448,+,37102,1448,+,37252,1448,+,37402,1448,+,37552,1448,+,37702,1448,+,37852,1448,+,38002,1448,+,38152,1448,+,38302,1448,+,38452,1448,+,38602,1448,+,38752,1448,+,38902,1448,+,39052,1448,+,39202,1448,+,39352,1448,+,39352,1448,+,39352,1598,+,39502,1598,+,39652,1598,+,39802,1598,+,39952,1598,+,40102,1598,+,40252,1598,+,40402,1598,+,40402,1748,+,40402,1748,+,40552,1748,+,40702,1748,+,40852,1748,+,41002,1748,+,41152,1748,+,41152,1748,+,41302,1748,+,41452,1748,+,41602,1748,+,41752,1748,+,41752,1748,+,41752,1748,+,41902,1748,+,42052,1748,+,42052,1898,+,42202,1898,+,42352,1898,+,42352,1898,+,42502,1898,+,42652,1898,+,42802,1898,+,42952,1898,+,43102,1898,+,43252,1898,+,43402,1898,+,43552,1898,+,43552,1898,+,43702,1898,+,43852,1898,+,44002,1898,+,44152,1898,+,44302,1898,+,44302,2048,+,44452,2048,+,44602,2048,+,44752,2048,+,44752,2048,+,44752,2048,+,44752,2198,+,44902,2198,+,44902,2198,+,44902,2198,+,44902,2198,+,45052,2198,+,45052,2198,+,45052,2198,+,45052,2198,+,45202,2198,+,45352,2198,+,45502,2198,+,45652,2198,+,45652,2348,+,45652,2348,+,45802,2348,+,45802,2348,+,45952,2348,+,46102,2348,+,46252,2348,+,46402,2348,+,46552,2348,+,46702,2348,+,46702,2348,+,46702,2348,+,46852,2348,+,46852,2348,+,46852,2348,+,46852,2498,+,47002,2498,+,47152,2498,+,47302,2498,+,47452,2498,+,47452,2498,+,47602,2498,+,47752,2498,+,47902,2498,+,48052,2498,+,48202,2498,+,48352,2498,+,48502,2498,+,48502,2498,+,48652,2498,+,48802,2498,+,48802,2498,+,48802,2498,+,48952,2498,+,49102,2498,+,49102,2498,+,49102,2498,+,49252,2498,+
p1,29001,20,+,29151,20,+,29301,20,+,29451,20,+,29451,20,+,29451,20,+,29601,20,+,29751,20,+,29901,20,+,30051,20,+,30051,20,+,30201,20,+,30351,20,+,30501,20,+,30651,20,+,30651,20,+,30651,20,+,30801,20,+,30951,20,+,31101,20,+,31101,20,+,31101,20,+,31101,20,+,31101,20,+,31251,20,+,31251,20,+,31401,20,+,31401,20,+,31551,20,+,31701,20,+,31851,20,+,32001,20,+,32151,20,+,32301,20,+,32301,20,+,32451,20,+,32601,20,+,32751,20,+,32901,20,+,32901,20,+,32901,20,+,33051,20,+,33201,20,+,33351,20,+,33501,20,+,33651,20,+,33801,20,+,33951,20,+,34101,20,+,34101,20,+,34251,20,+,34251,20,+,34251,20,+,34251,20,+,34251,20,+,34251,20,+,34251,20,+,34401,20,+,34551,20,+,34701,20,+,34851,20,+,34851,20,+,35001,20,+,35001,20,+,35151,20,+,35301,20,+,35301,20,+,35451,20,+,35451,20,+,35601,20,+,35601,20,+,35601,20,+,35751,20,+,35751,20,+,35751,20,+,35901,20,+,36051,20,+,36051,20,+,36201,20,+,36351,20,+,36501,20,+,36651,20,+,36651,20,+,36801,20,+,36951,20,+,37101,20,+,37251,20,+,37401,20,+,37551,20,+,37701,20,+,37851,20,+,38001,20,+,38151,20,+,38301,20,+,38451,20,+,38601,20,+,38751,20,+,38901,20,+,39051,20,+,39201,20,+,39351,20,+,39351,20,+,39351,20,+,39501,20,+,39651,20,+,39801,20,+,39951,20,+,40101,20,+,40251,20,+,40401,20,+,40401,20,+,40401,20,+,40551,20,+,40701,20,+,40851,20,+,41001,20,+,41151,20,+,41151,20,+,41301,20,+,41451,20,+,41601,20,+,41751,20,+,41751,20,+,41751,20,+,41901,20,+,42051,20,+,42051,20,+,42201,20,+,42351,20,+,42351,20,+,42501,20,+,42651,20,+,42801,20,+,42951,20,+,43101,20,+,43251,20,+,43401,20,+,43551,20,+,43551,20,+,43701,20,+,43851,20,+,44001,20,+,44151,20,+,44301,20,+,44301,20,+,44451,20,+,44601,20,+,44751,20,+,44751,20,+,44751,20,+,44751,20,+,44901,20,+,44901,20,+,44901,20,+,44901,20,+,45051,20,+,45051,20,+,45051,20,+,45051,20,+,45201,20,+,45351,20,+,45501,20,+,45651,20,+,45651,20,+,45651,20,+,45801,20,+,45801,20,+,45951,20,+,46101,20,+,46251,20,+,46401,20,+,46551,20,+,46701,20,+,46701,20,+,46701,20,+,46851,20,+,46851,20,+,46851,20,+,46851,20,+,47001,20,+,47151,20,+,47301,20,+,47451,20,+,47451,20,+,47601,20,+,47751,20,+,47901,20,+,48051,20,+,48201,20,+,48351,20,+,48501,20,+,48501,20,+,48651,20,+,48801,20,+,48801,20,+,48801,20,+,48951,20,+,49101,20,+,49101,20,+,49101,20,+,49251,20,+
p2,2001,20,+,2001,20,+,2001,20,+,2001,20,+,2001,20,+,2001,20,+,2001,20,+,2001,20,+,2001,20,+,2001,20,+,2001,20,+,2001,20,+,2001,20,+,2001,20,+,2001,20,+,2001,20,+,2001,20,+,2001,20,+,2001,20,+,2001,20,+,2001,20,+,2001,20,+,2001,20,+,2001,20,+,2001,20,+,2001,20,+,2001,20,+,2001,20,+,2001,20,+,2001,20,+,2151,20,+,2151,20,+,2151,20,+,2151,20,+,2151,20,+,2151,20,+,2151,20,+,2151,20,+,2151,20,+,2151,20,+,2151,20,+,2151,20,+,2151,20,+,2151,20,+,2151,20,+,2151,20,+,2151,20,+,2151,20,+,2151,20,+,2151,20,+,2151,20,+,2151,20,+,2151,20,+,2151,20,+,2151,20,+,2151,20,+,2151,20,+,2151,20,+,2151,20,+,2151,20,+,2151,20,+,2151,20,+,2151,20,+,2151,20,+,2151,20,+,2151,20,+,2151,20,+,2301,20,+,2301,20,+,2301,20,+,2301,20,+,2301,20,+,2301,20,+,2301,20,+,2301,20,+,2301,20,+,2301,20,+,2301,20,+,2301,20,+,2301,20,+,2301,20,+,2301,20,+,2301,20,+,2451,20,+,2451,20,+,2451,20,+,2451,20,+,2451,20,+,2601,20,+,2601,20,+,2601,20,+,2601,20,+,2601,20,+,2601,20,+,2601,20,+,2601,20,+,2601,20,+,2601,20,+,2601,20,+,2601,20,+,2601,20,+,2601,20,+,2601,20,+,2601,20,+,2601,20,+,2751,20,+,2751,20,+,2751,20,+,2751,20,+,2751,20,+,2751,20,+,2751,20,+,2751,20,+,2751,20,+,2751,20,+,2751,20,+,2751,20,+,2751,20,+,2751,20,+,2751,20,+,2751,20,+,2751,20,+,2751,20,+,2751,20,+,2751,20,+,2751,20,+,2751,20,+,2751,20,+,2751,20,+,2751,20,+,2751,20,+,2751,20,+,2751,20,+,2751,20,+,2751,20,+,2751,20,+,2751,20,+,2751,20,+,2751,20,+,2751,20,+,2751,20,+,2751,20,+,2751,20,+,2751,20,+,2751,20,+,2751,20,+,2751,20,+,2751,20,+,2751,20,+,2751,20,+,2751,20,+,2751,20,+,2751,20,+,2751,20,+,2751,20,+,2751,20,+,2751,20,+,2751,20,+,2751,20,+,2751,20,+,2751,20,+,2751,20,+,2751,20,+,2751,20,+,2751,20,+,2751,20,+,2751,20,+,2751,20,+,2751,20,+,2751,20,+,2751,20,+,2751,20,+,2751,20,+,2751,20,+,2751,20,+,2751,20,+,2751,20,+,2751,20,+,2751,20,+,2751,20,+,2751,20,+,2751,20,+,2751,20,+,2751,20,+,2751,20,+,2751,20,+,2751,20,+,2751,20,+,2751,20,+,2751,20,+,2751,20,+,2751,20,+,2751,20,+,2751,20,+,2751,20,+,2751,20,+,2751,20,+,2751,20,+,2751,20,+,2751,20,+,2751,20,+
p3,5001,20,+,5001,20,+,5001,20,+,5151,20,+,5151,20,+,5151,20,+,5151,20,+,5151,20,+,5151,20,+,5151,20,+,5151,20,+,5151,20,+,5301,20,+,5301,20,+,5301,20,+,5301,20,+,5301,20,+,5301,20,+,5301,20,+,5301,20,+,5301,20,+,5301,20,+,5301,20,+,5301,20,+,5301,20,+,5301,20,+,5301,20,+,5301,20,+,5301,20,+,5301,20,+,5451,20,+,5451,20,+,5451,20,+,5451,20,+,5451,20,+,5451,20,+,5451,20,+,5601,20,+,5601,20,+,5601,20,+,5601,20,+,5751,20,+,5751,20,+,5751,20,+,5751,20,+,5751,20,+,5751,20,+,5751,20,+,5901,20,+,5901,20,+,5901,20,+,5901,20,+,5901,20,+,5901,20,+,5901,20,+,5901,20,+,5901,20,+,5901,20,+,5901,20,+,5901,20,+,5901,20,+,5901,20,+,5901,20,+,5901,20,+,5901,20,+,5901,20,+,5901,20,+,6051,20,+,6051,20,+,6201,20,+,6201,20,+,6201,20,+,6201,20,+,6201,20,+,6201,20,+,6201,20,+,6201,20,+,6201,20,+,6201,20,+,6201,20,+,6351,20,+,6351,20,+,6351,20,+,6501,20,+,6501,20,+,6501,20,+,6501,20,+,6501,20,+,6651,20,+,6651,20,+,6651,20,+,6651,20,+,6651,20,+,6651,20,+,6651,20,+,6651,20,+,6651,20,+,6651,20,+,6651,20,+,6651,20,+,6651,20,+,6651,20,+,6651,20,+,6651,20,+,6651,20,+,6801,20,+,6801,20,+,6801,20,+,6801,20,+,6801,20,+,6801,20,+,6801,20,+,6801,20,+,6801,20,+,6801,20,+,6801,20,+,6801,20,+,6801,20,+,6801,20,+,6951,20,+,6951,20,+,6951,20,+,6951,20,+,6951,20,+,6951,20,+,6951,20,+,6951,20,+,6951,20,+,6951,20,+,6951,20,+,6951,20,+,7101,20,+,7251,20,+,7251,20,+,7251,20,+,7251,20,+,7251,20,+,7251,20,+,7251,20,+,7251,20,+,7251,20,+,7251,20,+,7251,20,+,7251,20,+,7251,20,+,7251,20,+,7251,20,+,7251,20,+,7251,20,+,7251,20,+,7251,20,+,7251,20,+,7251,20,+,7251,20,+,7251,20,+,7251,20,+,7251,20,+,7251,20,+,7251,20,+,7251,20,+,7251,20,+,7251,20,+,7251,20,+,7251,20,+,7251,20,+,7251,20,+,7251,20,+,7251,20,+,7251,20,+,7251,20,+,7251,20,+,7251,20,+,7251,20,+,7251,20,+,7251,20,+,7251,20,+,7251,20,+,7251,20,+,7251,20,+,7251,20,+,7251,20,+,7251,20,+,7251,20,+,7251,20,+,7251,20,+,7251,20,+,7401,20,+,7401,20,+,7401,20,+,7551,20,+,7551,20,+,7551,20,+,7551,20,+,7551,20,+,7551,20,+,7551,20,+,7701,20,+,7701,20,+,7701,20,+,7701,20,+,7701,20,+
p4,8001,20,+,8001,20,+,8151,20,+,8301,20,+,8301,20,+,8301,20,+,8301,20,+,8301,20,+,8301,20,+,8301,20,+,8301,20,+,8301,20,+,8451,20,+,8451,20,+,8451,20,+,8451,20,+,8451,20,+,8451,20,+,8451,20,+,8601,20,+,8601,20,+,8601,20,+,8601,20,+,8601,20,+,8601,20,+,8601,20,+,8601,20,+,8601,20,+,8601,20,+,8601,20,+,8751,20,+,8751,20,+,8751,20,+,8751,20,+,8751,20,+,8751,20,+,8751,20,+,8901,20,+,8901,20,+,8901,20,+,8901,20,+,9051,20,+,9051,20,+,9051,20,+,9051,20,+,9051,20,+,9051,20,+,9051,20,+,9201,20,+,9201,20,+,9201,20,+,9201,20,+,9201,20,+,9201,20,+,9201,20,+,9201,20,+,9201,20,+,9201,20,+,9201,20,+,9201,20,+,9201,20,+,9201,20,+,9201,20,+,9201,20,+,9201,20,+,9201,20,+,9201,20,+,9351,20,+,9351,20,+,9501,20,+,9501,20,+,9501,20,+,9501,20,+,9501,20,+,9501,20,+,9501,20,+,9501,20,+,9501,20,+,9501,20,+,9651,20,+,9801,20,+,9951,20,+,9951,20,+,10101,20,+,10101,20,+,10101,20,+,10101,20,+,10101,20,+,10251,20,+,10251,20,+,10251,20,+,10401,20,+,10401,20,+,10401,20,+,10401,20,+,10401,20,+,10401,20,+,10401,20,+,10401,20,+,10401,20,+,10401,20,+,10401,20,+,10401,20,+,10401,20,+,10401,20,+,10551,20,+,10551,20,+,10551,20,+,10551,20,+,10551,20,+,10551,20,+,10551,20,+,10551,20,+,10701,20,+,10851,20,+,10851,20,+,10851,20,+,10851,20,+,10851,20,+,11001,20,+,11151,20,+,11151,20,+,11151,20,+,11151,20,+,11151,20,+,11151,20,+,11151,20,+,11151,20,+,11151,20,+,11151,20,+,11151,20,+,11301,20,+,11451,20,+,11451,20,+,11451,20,+,11451,20,+,11451,20,+,11451,20,+,11451,20,+,11601,20,+,11601,20,+,11601,20,+,11601,20,+,11601,20,+,11601,20,+,11601,20,+,11601,20,+,11601,20,+,11601,20,+,11601,20,+,11601,20,+,11601,20,+,11601,20,+,11601,20,+,11601,20,+,11751,20,+,11751,20,+,11751,20,+,11751,20,+,11751,20,+,11751,20,+,11751,20,+,11751,20,+,11751,20,+,11751,20,+,11751,20,+,11751,20,+,11901,20,+,11901,20,+,11901,20,+,11901,20,+,11901,20,+,11901,20,+,11901,20,+,11901,20,+,11901,20,+,11901,20,+,11901,20,+,11901,20,+,11901,20,+,11901,20,+,11901,20,+,11901,20,+,11901,20,+,12051,20,+,12051,20,+,12201,20,+,12201,20,+,12201,20,+,12351,20,+,12351,20,+,12351,20,+,12351,20,+,12351,20,+,12351,20,+,12351,20,+,12501,20,+,12501,20,+,12501,20,+,12501,20,+,12501,20,+
p5,11001,20,+,11001,20,+,11151,20,+,11301,20,+,11301,20,+,11301,20,+,11301,20,+,11451,20,+,11451,20,+,11451,20,+,11451,20,+,11451,20,+,11601,20,+,11601,20,+,11601,20,+,11601,20,+,11601,20,+,11601,20,+,11601,20,+,11751,20,+,11751,20,+,11751,20,+,11751,20,+,11751,20,+,11901,20,+,11901,20,+,11901,20,+,11901,20,+,11901,20,+,11901,20,+,12051,20,+,12051,20,+,12051,20,+,12051,20,+,12051,20,+,12051,20,+,12051,20,+,12201,20,+,12201,20,+,12201,20,+,12201,20,+,12351,20,+,12351,20,+,12351,20,+,12351,20,+,12351,20,+,12351,20,+,12351,20,+,12501,20,+,12501,20,+,12501,20,+,12501,20,+,12501,20,+,12501,20,+,12501,20,+,12501,20,+,12501,20,+,12501,20,+,12501,20,+,12501,20,+,12501,20,+,12501,20,+,12501,20,+,12501,20,+,12501,20,+,12501,20,+,12501,20,+,12651,20,+,12651,20,+,12801,20,+,12801,20,+,12801,20,+,12801,20,+,12801,20,+,12801,20,+,12801,20,+,12801,20,+,12801,20,+,12801,20,+,12951,20,+,13101,20,+,13251,20,+,13251,20,+,13401,20,+,13401,20,+,13401,20,+,13401,20,+,13401,20,+,13551,20,+,13551,20,+,13551,20,+,13701,20,+,13851,20,+,14001,20,+,14001,20,+,14001,20,+,14001,20,+,14001,20,+,14001,20,+,14001,20,+,14001,20,+,14001,20,+,14001,20,+,14001,20,+,14001,20,+,14151,20,+,14151,20,+,14151,20,+,14151,20,+,14151,20,+,14151,20,+,14151,20,+,14151,20,+,14301,20,+,14451,20,+,14451,20,+,14451,20,+,14451,20,+,14451,20,+,14601,20,+,14751,20,+,14751,20,+,14751,20,+,14751,20,+,14751,20,+,14901,20,+,14901,20,+,14901,20,+,14901,20,+,14901,20,+,14901,20,+,15051,20,+,15201,20,+,15201,20,+,15201,20,+,15201,20,+,15201,20,+,15351,20,+,15351,20,+,15501,20,+,15501,20,+,15501,20,+,15651,20,+,15801,20,+,15801,20,+,15801,20,+,15801,20,+,15801,20,+,15801,20,+,15801,20,+,15801,20,+,15801,20,+,15801,20,+,15801,20,+,15801,20,+,15951,20,+,15951,20,+,15951,20,+,15951,20,+,15951,20,+,15951,20,+,15951,20,+,15951,20,+,15951,20,+,15951,20,+,15951,20,+,15951,20,+,16101,20,+,16101,20,+,16251,20,+,16251,20,+,16251,20,+,16401,20,+,16401,20,+,16401,20,+,16401,20,+,16401,20,+,16401,20,+,16401,20,+,16551,20,+,16701,20,+,16701,20,+,16701,20,+,16701,20,+,16851,20,+,16851,20,+,17001,20,+,17001,20,+,17001,20,+,17151,20,+,17301,20,+,17301,20,+,17301,20,+,17301,20,+,17301,20,+,17301,20,+,17451,20,+,17451,20,+,17451,20,+,17451,20,+,17451,20,+
p6,14001,20,+,14151,20,+,14301,20,+,14451,20,+,14451,20,+,14451,20,+,14451,20,+,14601,20,+,14601,20,+,14601,20,+,14601,20,+,14601,20,+,14751,20,+,14751,20,+,14751,20,+,14751,20,+,14751,20,+,14751,20,+,14751,20,+,14901,20,+,14901,20,+,14901,20,+,14901,20,+,14901,20,+,15051,20,+,15051,20,+,15051,20,+,15051,20,+,15051,20,+,15201,20,+,15351,20,+,15351,20,+,15351,20,+,15351,20,+,15351,20,+,15351,20,+,15351,20,+,15501,20,+,15501,20,+,15501,20,+,15501,20,+,15651,20,+,15801,20,+,15951,20,+,15951,20,+,16101,20,+,16101,20,+,16101,20,+,16251,20,+,16251,20,+,16251,20,+,16251,20,+,16251,20,+,16251,20,+,16251,20,+,16251,20,+,16251,20,+,16251,20,+,16251,20,+,16251,20,+,16401,20,+,16401,20,+,16401,20,+,16401,20,+,16401,20,+,16401,20,+,16401,20,+,16551,20,+,16551,20,+,16701,20,+,16701,20,+,16701,20,+,16701,20,+,16701,20,+,16701,20,+,16701,20,+,16701,20,+,16701,20,+,16851,20,+,17001,20,+,17151,20,+,17301,20,+,17301,20,+,17451,20,+,17451,20,+,17451,20,+,17601,20,+,17601,20,+,17751,20,+,17751,20,+,17751,20,+,17901,20,+,18051,20,+,18201,20,+,18201,20,+,18201,20,+,18351,20,+,18351,20,+,18351,20,+,18501,20,+,18501,20,+,18501,20,+,18501,20,+,18501,20,+,18501,20,+,18651,20,+,18651,20,+,18651,20,+,18651,20,+,18651,20,+,18651,20,+,18651,20,+,18801,20,+,18951,20,+,19101,20,+,19251,20,+,19251,20,+,19251,20,+,19251,20,+,19401,20,+,19551,20,+,19551,20,+,19551,20,+,19551,20,+,19701,20,+,19851,20,+,19851,20,+,19851,20,+,20001,20,+,20001,20,+,20001,20,+,20151,20,+,20301,20,+,20301,20,+,20451,20,+,20451,20,+,20451,20,+,20601,20,+,20601,20,+,20751,20,+,20751,20,+,20751,20,+,20901,20,+,21051,20,+,21051,20,+,21051,20,+,21051,20,+,21051,20,+,21051,20,+,21051,20,+,21051,20,+,21051,20,+,21051,20,+,21051,20,+,21051,20,+,21201,20,+,21201,20,+,21201,20,+,21201,20,+,21201,20,+,21201,20,+,21201,20,+,21201,20,+,21201,20,+,21201,20,+,21201,20,+,21201,20,+,21351,20,+,21351,20,+,21501,20,+,21651,20,+,21651,20,+,21801,20,+,21801,20,+,21801,20,+,21801,20,+,21801,20,+,21801,20,+,21801,20,+,21951,20,+,22101,20,+,22101,20,+,22101,20,+,22101,20,+,22251,20,+,22401,20,+,22551,20,+,22551,20,+,22551,20,+,22701,20,+,22851,20,+,22851,20,+,22851,20,+,22851,20,+,22851,20,+,22851,20,+,23001,20,+,23001,20,+,23001,20,+,23001,20,+,23001,20,+
p7,17001,20,+,17151,20,+,17301,20,+,17451,20,+,17451,20,+,17451,20,+,17451,20,+,17601,20,+,17601,20,+,17751,20,+,17751,20,+,17901,20,+,18051,20,+,18051,20,+,18051,20,+,18051,20,+,18051,20,+,18051,20,+,18051,20,+,18201,20,+,18201,20,+,18201,20,+,18201,20,+,18201,20,+,18351,20,+,18351,20,+,18501,20,+,18501,20,+,18501,20,+,18651,20,+,18801,20,+,18801,20,+,18801,20,+,18801,20,+,18801,20,+,18801,20,+,18801,20,+,18951,20,+,18951,20,+,18951,20,+,18951,20,+,19101,20,+,19251,20,+,19401,20,+,19401,20,+,19551,20,+,19701,20,+,19701,20,+,19851,20,+,19851,20,+,19851,20,+,19851,20,+,19851,20,+,19851,20,+,19851,20,+,19851,20,+,19851,20,+,19851,20,+,19851,20,+,19851,20,+,20001,20,+,20001,20,+,20001,20,+,20001,20,+,20001,20,+,20001,20,+,20001,20,+,20151,20,+,20151,20,+,20301,20,+,20301,20,+,20301,20,+,20301,20,+,20301,20,+,20301,20,+,20301,20,+,20301,20,+,20301,20,+,20451,20,+,20601,20,+,20751,20,+,20901,20,+,20901,20,+,21051,20,+,21051,20,+,21051,20,+,21201,20,+,21201,20,+,21351,20,+,21351,20,+,21501,20,+,21651,20,+,21801,20,+,21951,20,+,22101,20,+,22251,20,+,22401,20,+,22551,20,+,22551,20,+,22701,20,+,22851,20,+,22851,20,+,22851,20,+,22851,20,+,22851,20,+,23001,20,+,23001,20,+,23001,20,+,23001,20,+,23001,20,+,23001,20,+,23001,20,+,23151,20,+,23301,20,+,23451,20,+,23601,20,+,23601,20,+,23601,20,+,23601,20,+,23751,20,+,23901,20,+,23901,20,+,23901,20,+,23901,20,+,24051,20,+,24201,20,+,24201,20,+,24201,20,+,24351,20,+,24351,20,+,24501,20,+,24651,20,+,24801,20,+,24801,20,+,24951,20,+,25101,20,+,25251,20,+,25401,20,+,25401,20,+,25551,20,+,25551,20,+,25551,20,+,25701,20,+,25851,20,+,25851,20,+,25851,20,+,25851,20,+,26001,20,+,26001,20,+,26001,20,+,26001,20,+,26001,20,+,26001,20,+,26001,20,+,26001,20,+,26151,20,+,26151,20,+,26151,20,+,26151,20,+,26301,20,+,26301,20,+,26301,20,+,26301,20,+,26301,20,+,26301,20,+,26301,20,+,26301,20,+,26451,20,+,26451,20,+,26601,20,+,26751,20,+,26751,20,+,26901,20,+,26901,20,+,26901,20,+,27051,20,+,27051,20,+,27051,20,+,27051,20,+,27201,20,+,27351,20,+,27501,20,+,27501,20,+,27501,20,+,27651,20,+,27801,20,+,27951,20,+,27951,20,+,27951,20,+,28101,20,+,28251,20,+,28251,20,+,28251,20,+,28251,20,+,28251,20,+,28251,20,+,28401,20,+,28401,20,+,28401,20,+,28401,20,+,28401,20,+
p8,20001,20,+,20151,20,+,20301,20,+,20451,20,+,20451,20,+,20451,20,+,20451,20,+,20601,20,+,20601,20,+,20751,20,+,20751,20,+,20901,20,+,21051,20,+,21051,20,+,21051,20,+,21051,20,+,21051,20,+,21051,20,+,21201,20,+,21351,20,+,21351,20,+,21351,20,+,21351,20,+,21351,20,+,21501,20,+,21501,20,+,21651,20,+,21651,20,+,21651,20,+,21801,20,+,21951,20,+,21951,20,+,22101,20,+,22101,20,+,22101,20,+,22101,20,+,22251,20,+,22401,20,+,22401,20,+,22401,20,+,22401,20,+,22551,20,+,22701,20,+,22851,20,+,22851,20,+,23001,20,+,23151,20,+,23151,20,+,23301,20,+,23301,20,+,23301,20,+,23301,20,+,23301,20,+,23301,20,+,23301,20,+,23301,20,+,23301,20,+,23301,20,+,23301,20,+,23301,20,+,23451,20,+,23451,20,+,23601,20,+,23601,20,+,23601,20,+,23601,20,+,23601,20,+,23751,20,+,23751,20,+,23901,20,+,23901,20,+,23901,20,+,23901,20,+,23901,20,+,23901,20,+,23901,20,+,23901,20,+,23901,20,+,24051,20,+,24201,20,+,24351,20,+,24501,20,+,24501,20,+,24651,20,+,24801,20,+,24951,20,+,25101,20,+,25101,20,+,25251,20,+,25251,20,+,25401,20,+,25551,20,+,25701,20,+,25851,20,+,26001,20,+,26151,20,+,26301,20,+,26451,20,+,26451,20,+,26601,20,+,26751,20,+,26751,20,+,26751,20,+,26751,20,+,26751,20,+,26901,20,+,26901,20,+,26901,20,+,26901,20,+,26901,20,+,26901,20,+,26901,20,+,27051,20,+,27201,20,+,27351,20,+,27501,20,+,27501,20,+,27501,20,+,27501,20,+,27651,20,+,27801,20,+,27801,20,+,27801,20,+,27801,20,+,27951,20,+,28101,20,+,28101,20,+,28251,20,+,28401,20,+,28401,20,+,28551,20,+,28701,20,+,28851,20,+,28851,20,+,29001,20,+,29151,20,+,29301,20,+,29451,20,+,29451,20,+,29601,20,+,29601,20,+,29601,20,+,29751,20,+,29901,20,+,29901,20,+,29901,20,+,29901,20,+,30051,20,+,30051,20,+,30051,20,+,30051,20,+,30051,20,+,30051,20,+,30051,20,+,30051,20,+,30201,20,+,30201,20,+,30201,20,+,30201,20,+,30351,20,+,30351,20,+,30351,20,+,30351,20,+,30351,20,+,30351,20,+,30351,20,+,30351,20,+,30501,20,+,30651,20,+,30801,20,+,30951,20,+,31101,20,+,31251,20,+,31251,20,+,31251,20,+,31401,20,+,31401,20,+,31401,20,+,31401,20,+,31551,20,+,31701,20,+,31851,20,+,31851,20,+,31851,20,+,32001,20,+,32151,20,+,32301,20,+,32301,20,+,32301,20,+,32451,20,+,32601,20,+,32601,20,+,32601,20,+,32601,20,+,32601,20,+,32601,20,+,32751,20,+,32751,20,+,32751,20,+,32751,20,+,32751,20,+
p9,23001,20,+,23151,20,+,23301,20,+,23451,20,+,23451,20,+,23451,20,+,23601,20,+,23751,20,+,23751,20,+,23901,20,+,23901,20,+,24051,20,+,24201,20,+,24351,20,+,24501,20,+,24501,20,+,24501,20,+,24501,20,+,24651,20,+,24801,20,+,24801,20,+,24801,20,+,24801,20,+,24801,20,+,24951,20,+,24951,20,+,25101,20,+,25101,20,+,25101,20,+,25251,20,+,25401,20,+,25401,20,+,25551,20,+,25551,20,+,25551,20,+,25551,20,+,25701,20,+,25851,20,+,25851,20,+,25851,20,+,25851,20,+,26001,20,+,26151,20,+,26301,20,+,26451,20,+,26601,20,+,26751,20,+,26901,20,+,27051,20,+,27051,20,+,27051,20,+,27051,20,+,27051,20,+,27051,20,+,27051,20,+,27051,20,+,27051,20,+,27051,20,+,27051,20,+,27201,20,+,27351,20,+,27351,20,+,27501,20,+,27501,20,+,27651,20,+,27801,20,+,27801,20,+,27951,20,+,27951,20,+,28101,20,+,28101,20,+,28101,20,+,28101,20,+,28101,20,+,28101,20,+,28251,20,+,28401,20,+,28401,20,+,28551,20,+,28701,20,+,28851,20,+,29001,20,+,29001,20,+,29151,20,+,29301,20,+,29451,20,+,29601,20,+,29601,20,+,29751,20,+,29751,20,+,29901,20,+,30051,20,+,30201,20,+,30351,20,+,30501,20,+,30651,20,+,30801,20,+,30951,20,+,31101,20,+,31251,20,+,31401,20,+,31401,20,+,31401,20,+,31401,20,+,31401,20,+,31551,20,+,31551,20,+,31551,20,+,31551,20,+,31701,20,+,31701,20,+,31701,20,+,31851,20,+,32001,20,+,32151,20,+,32301,20,+,32301,20,+,32301,20,+,32451,20,+,32601,20,+,32751,20,+,32751,20,+,32751,20,+,32751,20,+,32901,20,+,33051,20,+,33051,20,+,33201,20,+,33351,20,+,33351,20,+,33501,20,+,33651,20,+,33801,20,+,33801,20,+,33951,20,+,34101,20,+,34251,20,+,34401,20,+,34401,20,+,34551,20,+,34551,20,+,34551,20,+,34701,20,+,34851,20,+,34851,20,+,34851,20,+,34851,20,+,35001,20,+,35001,20,+,35001,20,+,35001,20,+,35001,20,+,35001,20,+,35001,20,+,35001,20,+,35151,20,+,35151,20,+,35151,20,+,35151,20,+,35301,20,+,35301,20,+,35301,20,+,35301,20,+,35301,20,+,35301,20,+,35451,20,+,35451,20,+,35601,20,+,35751,20,+,35901,20,+,36051,20,+,36201,20,+,36351,20,+,36351,20,+,36351,20,+,36501,20,+,36501,20,+,36501,20,+,36501,20,+,36651,20,+,36801,20,+,36951,20,+,36951,20,+,36951,20,+,37101,20,+,37251,20,+,37401,20,+,37401,20,+,37401,20,+,37551,20,+,37701,20,+,37701,20,+,37701,20,+,37701,20,+,37701,20,+,37701,20,+,37851,20,+,37851,20,+,37851,20,+,37851,20,+,37851,20,+
p10,26001,20,+,26151,20,+,26301,20,+,26451,20,+,26451,20,+,26451,20,+,26601,20,+,26751,20,+,26901,20,+,27051,20,+,27051,20,+,27201,20,+,27351,20,+,27501,20,+,27651,20,+,27651,20,+,27651,20,+,27651,20,+,27801,20,+,27951,20,+,27951,20,+,27951,20,+,27951,20,+,27951,20,+,28101,20,+,28101,20,+,28251,20,+,28251,20,+,28251,20,+,28401,20,+,28551,20,+,28701,20,+,28851,20,+,28851,20,+,28851,20,+,29001,20,+,29151,20,+,29301,20,+,29451,20,+,29451,20,+,29451,20,+,29601,20,+,29751,20,+,29901,20,+,30051,20,+,30201,20,+,30351,20,+,30501,20,+,30651,20,+,30651,20,+,30651,20,+,30651,20,+,30651,20,+,30651,20,+,30651,20,+,30651,20,+,30651,20,+,30801,20,+,30801,20,+,30951,20,+,31101,20,+,31101,20,+,31251,20,+,31251,20,+,31401,20,+,31551,20,+,31551,20,+,31701,20,+,31701,20,+,31851,20,+,31851,20,+,31851,20,+,32001,20,+,32001,20,+,32001,20,+,32151,20,+,32301,20,+,32301,20,+,32451,20,+,32601,20,+,32751,20,+,32901,20,+,32901,20,+,33051,20,+,33201,20,+,33351,20,+,33501,20,+,33501,20,+,33651,20,+,33801,20,+,33951,20,+,34101,20,+,34251,20,+,34401,20,+,34551,20,+,34701,20,+,34851,20,+,35001,20,+,35151,20,+,35301,20,+,35451,20,+,35451,20,+,35451,20,+,35451,20,+,35451,20,+,35601,20,+,35751,20,+,35901,20,+,35901,20,+,36051,20,+,36051,20,+,36051,20,+,36201,20,+,36351,20,+,36501,20,+,36651,20,+,36801,20,+,36801,20,+,36951,20,+,37101,20,+,37251,20,+,37251,20,+,37251,20,+,37251,20,+,37401,20,+,37551,20,+,37551,20,+,37701,20,+,37851,20,+,37851,20,+,38001,20,+,38151,20,+,38301,20,+,38301,20,+,38451,20,+,38601,20,+,38751,20,+,38901,20,+,38901,20,+,39051,20,+,39201,20,+,39201,20,+,39351,20,+,39501,20,+,39501,20,+,39501,20,+,39651,20,+,39801,20,+,39801,20,+,39801,20,+,39801,20,+,39801,20,+,39801,20,+,39801,20,+,39801,20,+,39951,20,+,39951,20,+,39951,20,+,39951,20,+,40101,20,+,40101,20,+,40101,20,+,40251,20,+,40251,20,+,40251,20,+,40401,20,+,40401,20,+,40551,20,+,40701,20,+,40851,20,+,41001,20,+,41151,20,+,41301,20,+,41301,20,+,41301,20,+,41451,20,+,41451,20,+,41451,20,+,41451,20,+,41601,20,+,41751,20,+,41901,20,+,41901,20,+,41901,20,+,42051,20,+,42201,20,+,42351,20,+,42351,20,+,42351,20,+,42501,20,+,42651,20,+,42651,20,+,42651,20,+,42651,20,+,42651,20,+,42651,20,+,42801,20,+,42801,20,+,42801,20,+,42801,20,+,42951,20,+
